id,text,label,is_test,clean_text,tokens
8932939,수OO만에 다시보네여,1,0,수OO만에 다시보네여,"[('만', 'Unknown'), ('다시', 'Noun'), ('에', 'Unknown'), ('보네여', 'Verb'), ('네여', 'Eomi'), ('보', 'Verb'), ('OO', 'Alpha'), ('만에', 'Josa'), ('수', 'Noun')]"
3681731,일방적인 영화다. 관객 좀 고려해주시길,0,0,일방적인 영화다 관객 좀 고려해주시길,"[('주', 'Unknown'), ('다', 'Josa'), ('해주시길', 'Verb'), ('좀', 'Noun'), ('일방', 'Noun'), ('적', 'Suffix'), ('기', 'Unknown'), ('시', 'Unknown'), ('인', 'Josa'), ('관객', 'Noun'), ('하', 'Unknown'), ('ᆫ', 'Unknown'), ('고려', 'Noun'), ('ᆯ', 'Unknown'), ('영화', 'Noun'), ('어', 'Unknown'), ('이', 'Unknown')]"
9847174,세상을 초월하는 한 사람의 선한 마음,1,0,세상을 초월하는 한 사람의 선한 마음,"[('마음', 'Noun'), ('선한', 'Adjective'), ('는', 'Unknown'), ('의', 'Josa'), ('을', 'Josa'), ('하는', 'Verb'), ('사람', 'Noun'), ('하', 'Unknown'), ('한', 'Verb'), ('ᆫ', 'Unknown'), ('선', 'Noun'), ('세상', 'Noun'), ('초월', 'Noun')]"
8506899,멍하다.. 여러생각이 겹치는데 오랜만에 영화 보고 이런 느낌 느껴본다,1,0,멍하다 여러생각이 겹치는데 오랜만에 영화 보고 이런 느낌 느껴본다,"[('오랜', 'Modifier'), ('는데', 'Unknown'), ('겹치', 'Verb'), ('느껴', 'Verb'), ('멍하', 'Adjective'), ('보', 'Unknown'), ('치는데', 'Verb'), ('본다', 'Verb'), ('에', 'Josa'), ('고', 'Unknown'), ('겹', 'Noun'), ('영화', 'Noun'), ('어', 'Unknown'), ('여러', 'Modifier'), ('느끼', 'Verb'), ('보고', 'Noun'), ('이런', 'Adjective'), ('느낌', 'Noun'), ('생각', 'Noun'), ('다', 'Eomi'), ('멍하다', 'Adjective'), ('만', 'Noun'), ('ᆫ다', 'Eomi'), ('이', 'Josa'), ('오랜만', 'Noun')]"
9991656,"우와 별 반개도 아까운판에 밑에 CJ 알바생들 쩐다.. 전부 만점이야 ㅎㅎㅎ..,. CJ야 그만해라 저영화는 정말 쓰레기다...원작에서 크게벋어났고 마치 메간폭스를 위해 스폰한 영화. 저걸보느니 투니버스봐라. 돈아깝고 시간아깝다.",0,0,우와 별 반개도 아까운판에 밑에 CJ 알바생들 쩐다 전부 만점이야 ㅎㅎㅎ CJ야 그만해라 저영화는 정말 쓰레기다원작에서 크게벋어났고 마치 메간폭스를 위해 스폰한 영화 저걸보느니 투니버스봐라 돈아깝고 시간아깝다,"[('도', 'Josa'), ('그만', 'Adverb'), ('이야', 'Josa'), ('에서', 'Josa'), ('벋', 'Unknown'), ('ᆯ', 'Unknown'), ('었', 'Unknown'), ('밑', 'Noun'), ('보', 'Verb'), ('그만해라', 'Adjective'), ('아깝다', 'Adjective'), ('우와', 'Exclamation'), ('는', 'Josa'), ('어라', 'Eomi'), ('보느니', 'Verb'), ('투니버스', 'Noun'), ('알바', 'Noun'), ('야', 'Exclamation'), ('쓰레기', 'Noun'), ('에', 'Josa'), ('저걸', 'Noun'), ('봐라', 'Verb'), ('고', 'Unknown'), ('아깝', 'Unknown'), ('ᆫ', 'Unknown'), ('반', 'Noun'), ('영화', 'Noun'), ('어', 'Unknown'), ('반개', 'Noun'), ('개', 'Unknown'), ('저', 'Determiner'), ('아까운', 'Adjective'), ('메간폭스', 'Noun'), ('저거', 'Unknown'), ('위해', 'Noun'), ('느니', 'Unknown'), ('생', 'Unknown'), ('메간 폭스', 'Noun'), ('ㅎㅎㅎ', 'KoreanParticle'), ('하', 'Unknown'), ('쩌', 'Noun'), ('쩐다', 'Noun'), ('알바생', 'Noun'), ('만점', 'Noun'), ('전부', 'Noun'), ('나', 'Unknown'), ('정말', 'Noun'), ('났고', 'Verb'), ('원작', 'Noun'), ('벋어', 'Verb'), ('돈', 'Noun'), ('아깝고', 'Adjective'), ('게', 'Unknown'), ('다', 'Josa'), ('마치', 'Noun'), ('CJ', 'Alpha'), ('시간', 'Noun'), ('판', 'Noun'), ('은', 'Unknown'), ('를', 'Josa'), ('별', 'Noun'), ('스폰', 'Noun'), ('한', 'Josa'), ('크게', 'Noun'), ('들', 'Suffix'), ('크', 'Adjective'), ('위하', 'Verb')]"
6093387,지금도 가끔 다시 본다,1,0,지금도 가끔 다시 본다,"[('도', 'Josa'), ('본다', 'Verb'), ('다시', 'Noun'), ('ᆫ다', 'Eomi'), ('보', 'Verb'), ('가끔', 'Noun'), ('지금', 'Noun')]"
10155375,재미있는 추리 영화인줄 알고 봤는데 아니네요. 스토리도 그닥 와닿지 않고 다른 분들이 극찬(?)하는 영상미도 감흥이 없었습니다. 오락영화가 아닙니다. 혹시 보실분들 참고하시기 바랍니다.,0,0,재미있는 추리 영화인줄 알고 봤는데 아니네요 스토리도 그닥 와닿지 않고 다른 분들이 극찬하는 영상미도 감흥이 없었습니다 오락영화가 아닙니다 혹시 보실분들 참고하시기 바랍니다,"[('감흥', 'Noun'), ('는데', 'Unknown'), ('도', 'Josa'), ('보실', 'Noun'), ('하시기', 'Verb'), ('분들', 'Suffix'), ('바라', 'Verb'), ('다른', 'Noun'), ('하는', 'Verb'), ('영상', 'Noun'), ('ᆯ', 'Unknown'), ('었', 'Unknown'), ('없', 'Adjective'), ('아닙니다', 'Adjective'), ('보', 'Verb'), ('참고', 'Noun'), ('스토리', 'Noun'), ('알', 'Noun'), ('는', 'Unknown'), ('추리', 'Noun'), ('아니', 'Unknown'), ('영상미', 'Noun'), ('않고', 'Verb'), ('기', 'Unknown'), ('가', 'Josa'), ('고', 'Josa'), ('바랍니다', 'Verb'), ('ᆫ', 'Unknown'), ('오', 'Verb'), ('와', 'Verb'), ('오락', 'Noun'), ('영화', 'Noun'), ('어', 'Unknown'), ('네요', 'Unknown'), ('아니네요', 'Adjective'), ('미도', 'Noun'), ('영화인', 'Noun'), ('혹시', 'Noun'), ('닿지', 'Verb'), ('그닥', 'Noun'), ('재미있', 'Adjective'), ('하', 'Unknown'), ('시', 'Unknown'), ('봤는데', 'Verb'), ('않', 'Unknown'), ('줄', 'Noun'), ('극찬', 'Noun'), ('재미있는', 'Adjective'), ('없었습니다', 'Adjective'), ('지', 'Unknown'), ('습니다', 'Eomi'), ('ᆸ니다', 'Eomi'), ('들', 'Suffix'), ('분', 'Noun'), ('이', 'Josa'), ('닿', 'Verb')]"
6265202,일본영화를 거의 처음 본 건데 정말 재밌게 봤습니다~! 강추 두둥!!,1,0,일본영화를 거의 처음 본 건데 정말 재밌게 봤습니다 강추 두둥,"[('거', 'Unknown'), ('ᆫ데', 'Unknown'), ('거의', 'Noun'), ('일본', 'Noun'), ('었', 'Unknown'), ('보', 'Verb'), ('재밌', 'Adjective'), ('두둥', 'Noun'), ('ᆫ', 'Unknown'), ('재밌게', 'Adjective'), ('봤습니다', 'Verb'), ('영화', 'Noun'), ('처음', 'Noun'), ('강추', 'Noun'), ('본', 'Verb'), ('일', 'Modifier'), ('정말', 'Noun'), ('게', 'Unknown'), ('습니다', 'Eomi'), ('를', 'Josa'), ('건데', 'Eomi'), ('이', 'Unknown')]"
5716851,결말이참 맘에든다. 넘 사랑스럽지만 이루어질 수 없는 로망스ㅜㅜ,1,0,결말이참 맘에든다 넘 사랑스럽지만 이루어질 수 없는 로망스ㅜㅜ,"[('참', 'Adverb'), ('이루어지', 'Verb'), ('ᆯ', 'Unknown'), ('없', 'Adjective'), ('수', 'Noun'), ('에든', 'Josa'), ('지만', 'Unknown'), ('는', 'Unknown'), ('에', 'Unknown'), ('넘', 'Verb'), ('없는', 'Adjective'), ('맘', 'Noun'), ('ㅜㅜ', 'KoreanParticle'), ('스럽', 'Unknown'), ('사랑스럽지만', 'Adjective'), ('이루어질', 'Verb'), ('결말', 'Noun'), ('이참', 'Noun'), ('사랑', 'Noun'), ('다', 'Adverb'), ('로망스', 'Noun'), ('ᆫ다', 'Eomi'), ('들', 'Verb'), ('이', 'Josa')]"
9891398,엇갈린 사랑 해보신 분들께 추천 합니다.,1,0,엇갈린 사랑 해보신 분들께 추천 합니다,"[('사랑', 'Noun'), ('께', 'Josa'), ('엇갈린', 'Verb'), ('합니다', 'Verb'), ('시', 'Unknown'), ('하', 'Unknown'), ('해보신', 'Verb'), ('ᆫ', 'Unknown'), ('보', 'Unknown'), ('ᆸ니다', 'Eomi'), ('들', 'Suffix'), ('분', 'Noun'), ('엇갈리', 'Verb'), ('어', 'Unknown'), ('추천', 'Noun')]"
9408352,"네티즌 평균 평점이 7점이네 , 이영화가????",1,0,네티즌 평균 평점이 점이네 이영화가,"[('이네', 'Josa'), ('의', 'Unknown'), ('이영화', 'Noun'), ('평균', 'Noun'), ('너', 'Unknown'), ('네티즌', 'Noun'), ('가', 'Josa'), ('평점', 'Noun'), ('점', 'Noun'), ('영화', 'Noun'), ('이', 'Josa')]"
4844571,정말 재미있어요,1,0,정말 재미있어요,"[('재미있', 'Adjective'), ('재미있어요', 'Adjective'), ('정말', 'Noun'), ('어요', 'Eomi')]"
6904821,재미없다,0,0,재미없다,"[('재미없다', 'Adjective'), ('재미없', 'Adjective'), ('다', 'Eomi')]"
4329384,사랑의 정의는 없다........사랑의 방법도.....,1,0,사랑의 정의는 없다사랑의 방법도,"[('사랑', 'Noun'), ('는', 'Josa'), ('도', 'Josa'), ('다', 'Unknown'), ('방법', 'Noun'), ('의', 'Josa'), ('없다', 'Adjective'), ('정의', 'Noun'), ('없', 'Adjective')]"
8270005,이런 감독만 만났으면 아놀드 형 신세도 오래 안갔을 듯..J카메론과 J맥티어난 감독들이 살렸다,0,0,이런 감독만 만났으면 아놀드 형 신세도 오래 안갔을 듯J카메론과 J맥티어난 감독들이 살렸다,"[('살렸다', 'Verb'), ('도', 'Josa'), ('듯', 'Noun'), ('맥', 'Noun'), ('감독', 'Noun'), ('티어', 'Noun'), ('었', 'Unknown'), ('오래', 'Adverb'), ('난', 'Josa'), ('카메론', 'Noun'), ('가', 'Verb'), ('갔을', 'Verb'), ('ᆫ', 'Unknown'), ('신세', 'Noun'), ('만나', 'Verb'), ('으면', 'Unknown'), ('이런', 'Adjective'), ('나', 'Verb'), ('형', 'Noun'), ('과', 'Josa'), ('살리', 'Verb'), ('다', 'Eomi'), ('만', 'Josa'), ('을', 'Unknown'), ('안', 'VerbPrefix'), ('만났으면', 'Verb'), ('들', 'Suffix'), ('J', 'Alpha'), ('J맥티어', 'Noun'), ('아놀드', 'Noun'), ('이', 'Josa')]"
6078910,진짜 잼있어요~!! 요즘 빠져서 매주 챙겨보고있어요 진짜내용도좋고연기도좋고!,1,0,진짜 잼있어요 요즘 빠져서 매주 챙겨보고있어요 진짜내용도좋고연기도좋고,"[('매주', 'Adverb'), ('도', 'Unknown'), ('빠지', 'Verb'), ('잼', 'Noun'), ('있', 'Unknown'), ('어서', 'Unknown'), ('보', 'Unknown'), ('내', 'Determiner'), ('기도', 'Noun'), ('보고있어요', 'Verb'), ('고', 'Unknown'), ('챙기', 'Verb'), ('내용', 'Noun'), ('연기', 'Noun'), ('어', 'Unknown'), ('어요', 'Eomi'), ('좋고', 'Adjective'), ('요즘', 'Noun'), ('용도', 'Noun'), ('챙겨', 'Verb'), ('고연', 'Modifier'), ('좋', 'Adjective'), ('진짜', 'Noun'), ('잼있어요', 'Verb'), ('빠져서', 'Verb')]"
9666694,인물들간의 갈등과 심리묘사가 멋지다,1,0,인물들간의 갈등과 심리묘사가 멋지다,"[('갈등', 'Noun'), ('멋지다', 'Adjective'), ('과', 'Josa'), ('다', 'Eomi'), ('심리', 'Noun'), ('인물', 'Noun'), ('간', 'Unknown'), ('의', 'Unknown'), ('멋지', 'Adjective'), ('가', 'Josa'), ('간의', 'Noun'), ('묘사', 'Noun'), ('들', 'Suffix')]"
8810982,시작은 엄청 굉장했지만 중반이후로 산으로 가버리는 영화;;;;이건뭐...여주인공이 호텔리어인데 거의 첩보원수준이고...남주인동은 나홀로집에 도둑이 되어버리는;;밑도끝도없이 시간 아깝고 끝내는 짜증나버렸네요;;노래는 무슨 슬릴러 노래에;;ㅋ,0,0,시작은 엄청 굉장했지만 중반이후로 산으로 가버리는 영화이건뭐여주인공이 호텔리어인데 거의 첩보원수준이고남주인동은 나홀로집에 도둑이 되어버리는밑도끝도없이 시간 아깝고 끝내는 짜증나버렸네요노래는 무슨 슬릴러 노래에ㅋ,"[('끝내', 'Adverb'), ('로', 'Josa'), ('여', 'Josa'), ('도', 'Josa'), ('가버리는', 'Verb'), ('ᆫ데', 'Unknown'), ('거의', 'Noun'), ('버렸네요', 'Verb'), ('남주', 'Verb'), ('무슨', 'Noun'), ('었', 'Unknown'), ('버리는', 'Verb'), ('밑', 'Noun'), ('남', 'Noun'), ('여주인공', 'Noun'), ('인동', 'Noun'), ('되어', 'Verb'), ('뭐', 'Noun'), ('는', 'Josa'), ('지만', 'Unknown'), ('에', 'Josa'), ('으로', 'Josa'), ('짜증나', 'Adjective'), ('끝내는', 'Verb'), ('가', 'Verb'), ('고', 'Unknown'), ('이건', 'Noun'), ('건', 'Unknown'), ('아깝', 'Unknown'), ('슬릴러', 'Noun'), ('호텔리어', 'Noun'), ('굉장했지만', 'Adjective'), ('영화', 'Noun'), ('엄청', 'Adverb'), ('ㅋ', 'KoreanParticle'), ('어', 'Unknown'), ('동', 'Noun'), ('네요', 'Eomi'), ('이후', 'Noun'), ('시작', 'Noun'), ('되', 'Verb'), ('첩보원', 'Noun'), ('노래', 'Noun'), ('산', 'Noun'), ('버리', 'Unknown'), ('하', 'Unknown'), ('홀로', 'Noun'), ('수준', 'Noun'), ('나', 'Noun'), ('없이', 'Adverb'), ('굉장', 'Unknown'), ('중반', 'Noun'), ('이고', 'Josa'), ('아깝고', 'Adjective'), ('시간', 'Noun'), ('집', 'Noun'), ('은', 'Josa'), ('짜증', 'Noun'), ('끝', 'Noun'), ('인데', 'Josa'), ('주인', 'Noun'), ('도둑', 'Noun'), ('주인공', 'Noun'), ('이', 'Josa')]"
1502430,"총, 칼 없이도 가능한 전쟁..",1,0,총 칼 없이도 가능한 전쟁,"[('도', 'Unknown'), ('가능', 'Noun'), ('전쟁', 'Noun'), ('없이도', 'Adjective'), ('칼', 'Noun'), ('하', 'Unknown'), ('ᆫ', 'Unknown'), ('가능한', 'Adjective'), ('총', 'Noun'), ('없이', 'Adverb')]"
6654573,난 볼만하던데,1,0,난 볼만하던데,"[('던데', 'Eomi'), ('난', 'Noun'), ('하던데', 'Verb'), ('만', 'Josa'), ('하', 'Verb'), ('볼', 'Noun'), ('ᆫ', 'Unknown'), ('ᆯ', 'Unknown'), ('보', 'Verb'), ('나', 'Unknown')]"
4411138,졸라 참신한 영화였음ㅋㅋ 국물 먹는 컷은 아우 아주그냥;;;;;,1,0,졸라 참신한 영화였음ㅋㅋ 국물 먹는 컷은 아우 아주그냥,"[('참신한', 'Adjective'), ('아주', 'Noun'), ('음', 'Eomi'), ('었', 'Unknown'), ('먹는', 'Verb'), ('컷', 'Noun'), ('는', 'Unknown'), ('아우', 'Noun'), ('졸라', 'Noun'), ('ᆫ', 'Unknown'), ('참신', 'Unknown'), ('먹', 'Verb'), ('영화', 'Noun'), ('그냥', 'Noun'), ('ㅋㅋ', 'KoreanParticle'), ('하', 'Unknown'), ('국물', 'Noun'), ('은', 'Josa'), ('였음', 'Verb'), ('이', 'Unknown')]"
8938121,좋다..너무좋다 불교에대해깊이생각해본다...,1,0,좋다너무좋다 불교에대해깊이생각해본다,"[('불교', 'Noun'), ('다', 'Unknown'), ('너무', 'Adverb'), ('에', 'Josa'), ('좋', 'Adjective'), ('하', 'Unknown'), ('대해', 'Noun'), ('해본다', 'Verb'), ('좋다', 'Adjective'), ('ᆫ다', 'Eomi'), ('보', 'Unknown'), ('대하', 'Verb'), ('깊이', 'Noun'), ('생각', 'Noun'), ('어', 'Unknown')]"
6668779,원년 멤버 모아놓고 참 밋밋한 동창회 웃음도 없고 이건뭐,0,0,원년 멤버 모아놓고 참 밋밋한 동창회 웃음도 없고 이건뭐,"[('도', 'Josa'), ('멤버', 'Noun'), ('참', 'Verb'), ('밋밋한', 'Adjective'), ('없고', 'Adjective'), ('없', 'Adjective'), ('이거', 'Unknown'), ('놓', 'Unknown'), ('뭐', 'Noun'), ('원년', 'Noun'), ('고', 'Unknown'), ('이건', 'Noun'), ('ᆫ', 'Unknown'), ('밋밋하', 'Adjective'), ('어', 'Unknown'), ('웃음', 'Noun'), ('모아놓고', 'Verb'), ('모으', 'Verb'), ('동창회', 'Noun')]"
7080530,1같은 속시원한액션은 없지만 2에는스토리가있다 1에엑션을몰아넣고 2에서설명하는느낌,1,0,같은 속시원한액션은 없지만 에는스토리가있다 에엑션을몰아넣고 에서설명하는느낌,"[('션', 'Noun'), ('에는', 'Josa'), ('에서', 'Josa'), ('있', 'Adjective'), ('없', 'Adjective'), ('액션', 'Noun'), ('스토리', 'Noun'), ('엑', 'Exclamation'), ('는', 'Josa'), ('지만', 'Unknown'), ('설명', 'Noun'), ('같은', 'Adjective'), ('넣고', 'Verb'), ('시원', 'Noun'), ('에', 'Josa'), ('가', 'Josa'), ('없지만', 'Adjective'), ('고', 'Unknown'), ('ᆫ', 'Unknown'), ('속', 'Modifier'), ('같', 'Adjective'), ('하', 'Suffix'), ('느낌', 'Noun'), ('몰아', 'Verb'), ('있다', 'Adjective'), ('다', 'Eomi'), ('을', 'Josa'), ('은', 'Josa'), ('한', 'Josa'), ('에엑', 'Noun'), ('시원하', 'Adjective'), ('몰아넣', 'Verb')]"
5581337,제목 네이밍은 개간지인데 내용은 쥬라기공원 믹스,0,0,제목 네이밍은 개간지인데 내용은 쥬라기공원 믹스,"[('개', 'Noun'), ('밍', 'Noun'), ('공원', 'Noun'), ('믹스', 'Noun'), ('ᆫ데', 'Unknown'), ('의', 'Unknown'), ('제목', 'Noun'), ('너', 'Unknown'), ('개간지', 'Noun'), ('쥬라기공원', 'Noun'), ('네', 'Determiner'), ('은', 'Josa'), ('내용', 'Noun'), ('인데', 'Josa'), ('쥬라기', 'Noun'), ('간지', 'Noun'), ('이', 'Modifier')]"
7017146,뻔할것같지만 뻔하지않은영화,1,0,뻔할것같지만 뻔하지않은영화,"[('지만', 'Unknown'), ('같', 'Adjective'), ('같지만', 'Adjective'), ('않은', 'Verb'), ('뻔할것', 'Adjective'), ('것', 'Unknown'), ('은', 'Unknown'), ('않', 'Unknown'), ('ᆯ', 'Unknown'), ('지', 'Unknown'), ('뻔하', 'Adjective'), ('영화', 'Noun'), ('뻔하지', 'Adjective')]"
5364171,줄리엣 비노쉬란 배우에 대해 다시 생각하게 되었다..,1,0,줄리엣 비노쉬란 배우에 대해 다시 생각하게 되었다,"[('줄리엣', 'Noun'), ('었', 'Unknown'), ('다시', 'Noun'), ('란', 'Unknown'), ('에', 'Josa'), ('비노쉬', 'Noun'), ('대하', 'Verb'), ('쉬란', 'Verb'), ('어', 'Unknown'), ('배우', 'Noun'), ('되', 'Verb'), ('하', 'Unknown'), ('하게', 'Verb'), ('생각', 'Noun'), ('게', 'Unknown'), ('다', 'Unknown'), ('비노', 'Noun'), ('대해', 'Noun'), ('되었다', 'Verb'), ('이', 'Unknown')]"
3677839,볼거리 하나 있었다 담배피는 조니,0,0,볼거리 하나 있었다 담배피는 조니,"[('는', 'Unknown'), ('다', 'Eomi'), ('피', 'Verb'), ('담배', 'Noun'), ('있었다', 'Adjective'), ('볼거리', 'Noun'), ('있', 'Verb'), ('조니', 'Noun'), ('었', 'Unknown'), ('피는', 'Verb'), ('하나', 'Noun')]"
10218206,믿고 보는 스페인 스릴러 영화..강추~,1,0,믿고 보는 스페인 스릴러 영화강추,"[('스페인', 'Noun'), ('강추', 'Noun'), ('는', 'Unknown'), ('보는', 'Verb'), ('믿', 'Unknown'), ('고', 'Unknown'), ('믿고', 'Verb'), ('보', 'Verb'), ('영화', 'Noun'), ('스릴러', 'Noun')]"
5059309,정말 멜로와 액션 연기 모두 최고의영화 내용도 참신하고 오랫만에 재미잇영화봤네요,1,0,정말 멜로와 액션 연기 모두 최고의영화 내용도 참신하고 오랫만에 재미잇영화봤네요,"[('도', 'Josa'), ('었', 'Unknown'), ('보', 'Verb'), ('모두', 'Noun'), ('액션', 'Noun'), ('잇', 'Verb'), ('참신하고', 'Adjective'), ('의', 'Josa'), ('에', 'Josa'), ('고', 'Unknown'), ('참신하', 'Adjective'), ('내용', 'Noun'), ('오랫만', 'Noun'), ('연기', 'Noun'), ('영화', 'Noun'), ('와', 'Josa'), ('재미', 'Noun'), ('네요', 'Eomi'), ('멜로', 'Noun'), ('오랫', 'Modifier'), ('정말', 'Noun'), ('만', 'Noun'), ('최고', 'Noun'), ('봤네요', 'Verb')]"
493092,좋았다,1,0,좋았다,"[('다', 'Eomi'), ('었', 'Unknown'), ('좋았다', 'Adjective'), ('좋', 'Adjective')]"
6156059,강력한 망작의 위력땜에 김태희도 소용없네.. 그냥 한숨만 나온다.어이없다.,0,0,강력한 망작의 위력땜에 김태희도 소용없네 그냥 한숨만 나온다어이없다,"[('소용없네', 'Adjective'), ('도', 'Josa'), ('한숨', 'Noun'), ('김태희', 'Noun'), ('나오', 'Verb'), ('의', 'Josa'), ('에', 'Josa'), ('ᆫ', 'Unknown'), ('강력', 'Unknown'), ('땜', 'Noun'), ('위력', 'Noun'), ('그냥', 'Noun'), ('작', 'Noun'), ('하', 'Unknown'), ('강력한', 'Adjective'), ('소용없', 'Adjective'), ('다', 'Eomi'), ('만', 'Josa'), ('네', 'Eomi'), ('어이없', 'Adjective'), ('나온다', 'Verb'), ('어이없다', 'Adjective'), ('ᆫ다', 'Eomi'), ('망', 'Noun'), ('망작', 'Noun')]"
378151,두 여배우의 팽팽한 대결도 볼만했다.,1,0,두 여배우의 팽팽한 대결도 볼만했다,"[('도', 'Josa'), ('팽팽', 'Noun'), ('다', 'Eomi'), ('대결', 'Noun'), ('만', 'Josa'), ('의', 'Josa'), ('했다', 'Verb'), ('하', 'Unknown'), ('한', 'Josa'), ('볼', 'Noun'), ('ᆫ', 'Unknown'), ('보', 'Verb'), ('여배우', 'Noun'), ('ᆯ', 'Unknown'), ('었', 'Unknown'), ('두', 'Noun')]"
3975805,나도 잃어버린 것을 찾고 싶다,1,0,나도 잃어버린 것을 찾고 싶다,"[('도', 'Unknown'), ('다', 'Eomi'), ('나도', 'Verb'), ('찾', 'Verb'), ('을', 'Josa'), ('잃어버린', 'Verb'), ('싶', 'Unknown'), ('것', 'Noun'), ('찾고', 'Verb'), ('고', 'Unknown'), ('싶다', 'Verb'), ('ᆫ', 'Unknown'), ('나', 'Unknown'), ('잃어버리', 'Verb')]"
10178860,화면 너무 머리아프고... 감독의 연출력최악이라고 생각한다. 먼가 되게 흔들리고 어려운척하면 다 작품성 있을줄아나보다. 영화공부다시해야될듯,0,0,화면 너무 머리아프고 감독의 연출력최악이라고 생각한다 먼가 되게 흔들리고 어려운척하면 다 작품성 있을줄아나보다 영화공부다시해야될듯,"[('ᆫ다', 'Eomi'), ('듯', 'Unknown'), ('감독', 'Noun'), ('있', 'Verb'), ('척', 'Noun'), ('머', 'Unknown'), ('어려운', 'Adjective'), ('ᆯ', 'Unknown'), ('성', 'Suffix'), ('연출력', 'Noun'), ('최악', 'Noun'), ('되게', 'Adverb'), ('알', 'Verb'), ('공부', 'Noun'), ('너무', 'Adverb'), ('다시', 'Adverb'), ('의', 'Josa'), ('야', 'Josa'), ('력', 'Suffix'), ('아프고', 'Adjective'), ('고', 'Unknown'), ('어렵', 'Unknown'), ('어야', 'Unknown'), ('아프', 'Adjective'), ('영화', 'Noun'), ('흔들리', 'Verb'), ('되', 'Verb'), ('먼가', 'Adjective'), ('ᆫ가', 'Eomi'), ('머리', 'Noun'), ('될듯', 'Verb'), ('이라고', 'Josa'), ('하', 'Suffix'), ('작품', 'Noun'), ('있을줄아나보다', 'Adjective'), ('한다', 'Verb'), ('나', 'Unknown'), ('줄', 'Unknown'), ('생각', 'Noun'), ('화면', 'Noun'), ('다', 'Josa'), ('라고', 'Unknown'), ('을', 'Unknown'), ('면', 'Josa'), ('은', 'Unknown'), ('보다', 'Adverb'), ('시해', 'Noun'), ('연출', 'Noun'), ('이', 'Unknown'), ('흔들리고', 'Verb')]"
5519530,legend,1,0,legend,"[('legend', 'Alpha')]"
5333889,아니 어떻게 이게 6점...말도안돼,1,0,아니 어떻게 이게 점말도안돼,"[('도', 'Unknown'), ('게', 'Josa'), ('아니', 'Adjective'), ('돼', 'Verb'), ('이것', 'Unknown'), ('되', 'Verb'), ('안', 'Adverb'), ('점말', 'Noun'), ('말', 'Noun'), ('어떻게', 'Adjective'), ('도안', 'Noun'), ('점', 'Adverb'), ('어', 'Eomi'), ('이', 'Noun')]"
348065,난 일상적인 이런영화가 몸에더 와닫는다..!,1,0,난 일상적인 이런영화가 몸에더 와닫는다,"[('더', 'Noun'), ('일상', 'Noun'), ('는다', 'Eomi'), ('적', 'Suffix'), ('몸', 'Noun'), ('인', 'Josa'), ('난', 'Noun'), ('에', 'Josa'), ('가', 'Josa'), ('ᆫ', 'Unknown'), ('오', 'Verb'), ('와', 'Verb'), ('영화', 'Noun'), ('어', 'Unknown'), ('닫는다', 'Verb'), ('이런', 'Modifier'), ('나', 'Unknown'), ('닫', 'Unknown'), ('이', 'Unknown')]"
325606,꼬마아이가 귀엽다-_-,0,0,꼬마아이가 귀엽다_,"[('다', 'Eomi'), ('아이', 'Noun'), ('가', 'Josa'), ('꼬마', 'Noun'), ('_', 'Punctuation'), ('귀엽', 'Unknown'), ('귀엽다', 'Adjective')]"
10233761,꼭 다시 보고싶은 영화!!,1,0,꼭 다시 보고싶은 영화,"[('꼭', 'Noun'), ('다시', 'Noun'), ('싶', 'Unknown'), ('고', 'Unknown'), ('은', 'Unknown'), ('보', 'Verb'), ('영화', 'Noun'), ('보고싶은', 'Verb')]"
5183786,너무나 재미없소이다.,0,0,너무나 재미없소이다,"[('재미없소이다', 'Adjective'), ('재미없', 'Adjective'), ('소이다', 'Eomi'), ('너무나', 'Adverb')]"
10027235,가슴에 하나씩은 한이 있나????,1,0,가슴에 하나씩은 한이 있나,"[('가슴', 'Noun'), ('있나', 'Adjective'), ('에', 'Josa'), ('은', 'Josa'), ('있', 'Verb'), ('씩', 'Suffix'), ('한', 'Determiner'), ('나', 'Unknown'), ('이', 'Noun'), ('하나', 'Noun')]"
9276703,두 분다 안타깝소이다.,0,0,두 분다 안타깝소이다,"[('다', 'Adverb'), ('소이다', 'Eomi'), ('안타깝', 'Unknown'), ('안타깝소이다', 'Adjective'), ('분', 'Unknown'), ('분다', 'Noun'), ('두', 'Noun')]"
65486,하드디스크 용량이 아까운 영화 -_- 받고 있었던 시간은 더 아까운영화,0,0,하드디스크 용량이 아까운 영화 _ 받고 있었던 시간은 더 아까운영화,"[('더', 'Noun'), ('디스크', 'Noun'), ('있', 'Unknown'), ('었', 'Unknown'), ('고', 'Unknown'), ('아깝', 'Unknown'), ('하드디스크', 'Noun'), ('영화', 'Noun'), ('아까운', 'Adjective'), ('있었던', 'Adjective'), ('받', 'Unknown'), ('_', 'Punctuation'), ('용량', 'Noun'), ('시간', 'Noun'), ('던', 'Unknown'), ('받고', 'Verb'), ('은', 'Josa'), ('하드', 'Noun'), ('이', 'Josa')]"
842920,10번 봐도 웃기고! 음악도 최고! 호테이도 멋있고!,1,0,번 봐도 웃기고 음악도 최고 호테이도 멋있고,"[('어도', 'Unknown'), ('웃기', 'Noun'), ('도', 'Josa'), ('번', 'Noun'), ('최고', 'Noun'), ('테이', 'Noun'), ('멋있고', 'Adjective'), ('호테이', 'Noun'), ('멋있', 'Adjective'), ('고', 'Josa'), ('음악', 'Noun'), ('봐도', 'Verb'), ('보', 'Verb'), ('호', 'Noun')]"
10071148,몇번을 봐도 너무 슬픈영화...ㅠㅠ,1,0,몇번을 봐도 너무 슬픈영화ㅠㅠ,"[('어도', 'Unknown'), ('번', 'Unknown'), ('너무', 'Adverb'), ('슬픈', 'Adjective'), ('ㅠㅠ', 'KoreanParticle'), ('을', 'Josa'), ('몇번', 'Noun'), ('ᆫ', 'Unknown'), ('봐도', 'Verb'), ('몇', 'Unknown'), ('보', 'Verb'), ('슬프', 'Adjective'), ('영화', 'Noun')]"
1139593,차가운 파랑색의 화면처리.. 왠지 우울한 작품..,1,0,차가운 파랑색의 화면처리 왠지 우울한 작품,"[('처리', 'Noun'), ('화면', 'Noun'), ('차가운', 'Adjective'), ('우울한', 'Adjective'), ('의', 'Josa'), ('은', 'Unknown'), ('하', 'Unknown'), ('작품', 'Noun'), ('ᆫ', 'Unknown'), ('우울', 'Noun'), ('차갑', 'Unknown'), ('왠지', 'Adverb'), ('파랑색', 'Noun')]"
8415748,대책없는 평점알바들 때문에 기본점수만 준다.,0,0,대책없는 평점알바들 때문에 기본점수만 준다,"[('본', 'Modifier'), ('는', 'Unknown'), ('점수', 'Noun'), ('주', 'Verb'), ('만', 'Josa'), ('기본', 'Noun'), ('알바', 'Noun'), ('때문', 'Noun'), ('기', 'Modifier'), ('준다', 'Verb'), ('에', 'Josa'), ('평점', 'Noun'), ('대책', 'Noun'), ('없는', 'Adjective'), ('없', 'Adjective'), ('ᆫ다', 'Eomi'), ('들', 'Suffix')]"
3053762,오오오오 간만에 재밌게 본 영화입니다. 소름끼칩니다 !!,1,0,오오오오 간만에 재밌게 본 영화입니다 소름끼칩니다,"[('오오오오', 'Noun'), ('소름', 'Noun'), ('보', 'Verb'), ('재밌', 'Adjective'), ('소름끼칩니다', 'Verb'), ('에', 'Josa'), ('ᆫ', 'Unknown'), ('오', 'Unknown'), ('재밌게', 'Adjective'), ('영화', 'Noun'), ('간만에', 'Adverb'), ('본', 'Verb'), ('오오오', 'Unknown'), ('입니다', 'Adjective'), ('게', 'Unknown'), ('끼치', 'Verb'), ('간만', 'Noun'), ('ᆸ니다', 'Eomi'), ('이', 'Unknown')]"
8712276,좋은사람이 되고 싶었던 두남자의 이야기.과거와 현재를 넘나들며 무간도시리즈의 궁금증을 풀어주었다.하지만 그로인해 어려움을 느꼈다.정신분열을 통해 진영인이 되어버려 유건명을 잡는 충격적 결말이 좋았다,1,0,좋은사람이 되고 싶었던 두남자의 이야기과거와 현재를 넘나들며 무간도시리즈의 궁금증을 풀어주었다하지만 그로인해 어려움을 느꼈다정신분열을 통해 진영인이 되어버려 유건명을 잡는 충격적 결말이 좋았다,"[('인하', 'Verb'), ('로', 'Unknown'), ('좋은', 'Adjective'), ('주', 'Unknown'), ('풀', 'Verb'), ('잡', 'Unknown'), ('싶었던', 'Verb'), ('풀어주었다하지만', 'Verb'), ('적', 'Suffix'), ('인', 'Suffix'), ('궁금증', 'Noun'), ('었', 'Unknown'), ('분열', 'Noun'), ('하지만', 'Unknown'), ('잡는', 'Verb'), ('진영', 'Noun'), ('어려움', 'Noun'), ('통하', 'Verb'), ('되어', 'Verb'), ('는', 'Unknown'), ('남자', 'Noun'), ('의', 'Josa'), ('되고', 'Verb'), ('사람', 'Noun'), ('고', 'Unknown'), ('명', 'Suffix'), ('시리즈', 'Noun'), ('무간도', 'Noun'), ('와', 'Josa'), ('들며', 'Verb'), ('충격', 'Noun'), ('과거', 'Noun'), ('현재', 'Noun'), ('어', 'Unknown'), ('느끼', 'Verb'), ('정신', 'Noun'), ('되', 'Verb'), ('버려', 'Verb'), ('통해', 'Noun'), ('정신분열', 'Noun'), ('그', 'Unknown'), ('결말', 'Noun'), ('넘나들', 'Verb'), ('느꼈다', 'Verb'), ('며', 'Unknown'), ('인해', 'Adjective'), ('좋았다', 'Adjective'), ('그로', 'Noun'), ('다', 'Eomi'), ('던', 'Unknown'), ('을', 'Josa'), ('좋', 'Adjective'), ('은', 'Unknown'), ('싶', 'Unknown'), ('이야기', 'Noun'), ('를', 'Josa'), ('넘나', 'Verb'), ('유건', 'Noun'), ('버리', 'Unknown'), ('이', 'Josa'), ('두', 'Determiner')]"
9614840,요즘 홍콩느와르가 이때만 못하는이유 : 무간도시리즈가 이미 한획을 그었기때문,1,0,요즘 홍콩느와르가 이때만 못하는이유 무간도시리즈가 이미 한획을 그었기때문,"[('못하', 'Adjective'), ('홍콩느와르가', 'Noun'), ('하는', 'Verb'), ('이미', 'Adverb'), ('었', 'Noun'), ('는', 'Unknown'), ('홍콩', 'Noun'), ('기', 'Modifier'), ('가', 'Josa'), ('긋', 'Unknown'), ('이유', 'Noun'), ('못', 'VerbPrefix'), ('시리즈', 'Noun'), ('무간도', 'Noun'), ('때문', 'Noun'), ('때', 'Noun'), ('그', 'Determiner'), ('요즘', 'Noun'), ('느와르', 'Noun'), ('만', 'Josa'), ('획', 'Noun'), ('을', 'Josa'), ('한', 'Determiner'), ('이', 'Determiner')]"
6661209,"이정도 반전은 뻔하다. 영화 보는 시간이 아까웠고, 누가 진범인일지도 다 짐작이 갔다.",0,0,이정도 반전은 뻔하다 영화 보는 시간이 아까웠고 누가 진범인일지도 다 짐작이 갔다,"[('도', 'Josa'), ('누구', 'Unknown'), ('일지', 'Noun'), ('인', 'Josa'), ('아까웠고', 'Adjective'), ('었', 'Unknown'), ('보', 'Verb'), ('뻔하다', 'Adjective'), ('이정', 'Noun'), ('범인', 'Noun'), ('는', 'Unknown'), ('보는', 'Verb'), ('진', 'Unknown'), ('가', 'Verb'), ('고', 'Unknown'), ('아깝', 'Unknown'), ('누가', 'Noun'), ('뻔하', 'Adjective'), ('영화', 'Noun'), ('짐작', 'Noun'), ('ᆯ지', 'Unknown'), ('정도', 'Noun'), ('시간', 'Noun'), ('다', 'Adverb'), ('진범', 'Noun'), ('은', 'Josa'), ('반전', 'Noun'), ('갔다', 'Verb'), ('이', 'Josa')]"
6667440,우익년 영화,0,0,우익년 영화,"[('영화', 'Noun'), ('년', 'Noun'), ('우익', 'Noun')]"
8542051,성우빠들이 작품에 상관없이 성우 썼냐 안썼냐로 평점 메기는 어이없는 애니메이션계,0,0,성우빠들이 작품에 상관없이 성우 썼냐 안썼냐로 평점 메기는 어이없는 애니메이션계,"[('메기', 'Noun'), ('로', 'Noun'), ('성우', 'Noun'), ('었', 'Unknown'), ('계', 'Suffix'), ('쓰', 'Verb'), ('는', 'Josa'), ('상관없이', 'Adjective'), ('에', 'Josa'), ('빠', 'Noun'), ('썼냐', 'Verb'), ('평점', 'Noun'), ('작품', 'Noun'), ('냐', 'Eomi'), ('안', 'VerbPrefix'), ('어이없는', 'Adjective'), ('어이없', 'Adjective'), ('들', 'Suffix'), ('애니메이션', 'Noun'), ('이', 'Josa')]"
6568533,`오션스`를 떠올리게 할만큼 멋진 영화군요~ 역시 명품 배우들~ 반전 씬도 맘에 들고~ 아주 재밌게 봤네요~^^*,1,0,오션스를 떠올리게 할만큼 멋진 영화군요 역시 명품 배우들 반전 씬도 맘에 들고 아주 재밌게 봤네요,"[('도', 'Josa'), ('아주', 'Noun'), ('만큼', 'Unknown'), ('역시', 'Noun'), ('할만큼', 'Verb'), ('군요', 'Unknown'), ('ᆯ', 'Unknown'), ('었', 'Unknown'), ('보', 'Verb'), ('재밌', 'Adjective'), ('떠올리게', 'Verb'), ('멋진', 'Adjective'), ('에', 'Josa'), ('고', 'Unknown'), ('맘', 'Noun'), ('ᆫ', 'Unknown'), ('씬', 'Noun'), ('재밌게', 'Adjective'), ('영화', 'Noun'), ('네요', 'Eomi'), ('오션스', 'Noun'), ('배우', 'Noun'), ('멋지', 'Adjective'), ('하', 'Unknown'), ('들', 'Suffix'), ('명품', 'Noun'), ('들고', 'Verb'), ('요', 'Josa'), ('게', 'Unknown'), ('군', 'Suffix'), ('를', 'Josa'), ('봤네요', 'Verb'), ('떠올리', 'Verb'), ('반전', 'Noun'), ('이', 'Unknown')]"
8026744,지루함의 극치인 영화 입니다 기,0,0,지루함의 극치인 영화 입니다 기,"[('이', 'Unknown'), ('의', 'Josa'), ('기', 'Noun'), ('ᆷ', 'Unknown'), ('인', 'Josa'), ('하', 'Unknown'), ('입니다', 'Adjective'), ('ᆫ', 'Unknown'), ('지루', 'Unknown'), ('ᆸ니다', 'Eomi'), ('지루함', 'Noun'), ('영화', 'Noun'), ('극치', 'Noun')]"
1968683,주윤발이 안 나오면 가치없다,0,0,주윤발이 안 나오면 가치없다,"[('다', 'Eomi'), ('나오', 'Verb'), ('주윤발', 'Noun'), ('없다', 'Adjective'), ('안', 'Noun'), ('면', 'Unknown'), ('없', 'Adjective'), ('나오면', 'Verb'), ('가치', 'Noun'), ('이', 'Josa')]"
6902232,크리퀴는 매력적인데..,0,0,크리퀴는 매력적인데,"[('는', 'Josa'), ('매력', 'Noun'), ('ᆫ데', 'Unknown'), ('크리퀴', 'Noun'), ('적', 'Suffix'), ('인데', 'Josa'), ('이', 'Unknown')]"
819603,생각보다 별루다,0,0,생각보다 별루다,"[('다', 'Josa'), ('별루', 'Noun'), ('보다', 'Josa'), ('생각', 'Noun'), ('이', 'Unknown')]"
6583779,10점만점에 10점,1,0,점만점에 점,"[('만점', 'Noun'), ('점', 'Noun'), ('에', 'Josa')]"
3935801,"표현하기 힘들지만, 뭔가 짠함. 좋다!",1,0,표현하기 힘들지만 뭔가 짠함 좋다,"[('하기', 'Verb'), ('지만', 'Unknown'), ('뭐', 'Unknown'), ('다', 'Unknown'), ('힘들지만', 'Adjective'), ('ᆫ가', 'Unknown'), ('짠', 'Adverb'), ('기', 'Unknown'), ('표현', 'Noun'), ('ᆷ', 'Unknown'), ('좋', 'Adjective'), ('짠함', 'Adjective'), ('하', 'Verb'), ('힘들', 'Adjective'), ('좋다', 'Adjective'), ('뭔가', 'Noun'), ('이', 'Unknown')]"
5784571,크루엘라드빌 배우 누군지 모르겠지만 진짜 애니메이션에서 나왔던거랑 싱크로율 100%,1,0,크루엘라드빌 배우 누군지 모르겠지만 진짜 애니메이션에서 나왔던거랑 싱크로율,"[('율', 'Noun'), ('거', 'Unknown'), ('누구', 'Unknown'), ('로', 'Unknown'), ('겠', 'Unknown'), ('에서', 'Josa'), ('모르겠지만', 'Verb'), ('었', 'Unknown'), ('싱크', 'Noun'), ('싱크로', 'Noun'), ('지만', 'Unknown'), ('나오', 'Verb'), ('ᆫ지', 'Unknown'), ('모르', 'Verb'), ('나왔던거랑', 'Verb'), ('크루', 'Noun'), ('배우', 'Noun'), ('랑', 'Unknown'), ('누군지', 'Adverb'), ('엘라', 'Noun'), ('드빌', 'Noun'), ('던', 'Unknown'), ('진짜', 'Noun'), ('크루엘라 드 빌', 'Noun'), ('애니메이션', 'Noun'), ('이', 'Unknown')]"
106230,어린이 영화...(재밌어 할지는...??),0,0,어린이 영화재밌어 할지는,"[('어린이', 'Noun'), ('는', 'Unknown'), ('할지는', 'Verb'), ('재밌어', 'Adjective'), ('하', 'Unknown'), ('재밌', 'Adjective'), ('ᆯ', 'Unknown'), ('지', 'Unknown'), ('영화', 'Noun'), ('어', 'Unknown')]"
6258486,정말 더 이상 말이 필요없는 영화임. 최고.,1,0,정말 더 이상 말이 필요없는 영화임 최고,"[('더', 'Noun'), ('이상', 'Noun'), ('영화', 'Noun'), ('필요', 'Noun'), ('는', 'Unknown'), ('필요없는', 'Adjective'), ('최고', 'Noun'), ('ᆷ', 'Eomi'), ('임', 'Noun'), ('없', 'Adjective'), ('말', 'Noun'), ('정말', 'Noun'), ('이', 'Josa')]"
10053919,유다 벤허가 좌절과 역경을 이겨내며 활약하는 이야기는 역시 훌륭하다. 마차 경주씬이나 후반부 장면은 영화 역사를 통틀어서 최고의 명장면이다.,1,0,유다 벤허가 좌절과 역경을 이겨내며 활약하는 이야기는 역시 훌륭하다 마차 경주씬이나 후반부 장면은 영화 역사를 통틀어서 최고의 명장면이다,"[('주', 'Modifier'), ('장면', 'Noun'), ('좌절', 'Noun'), ('역시', 'Noun'), ('하는', 'Verb'), ('서', 'Josa'), ('후반부', 'Noun'), ('어서', 'Unknown'), ('부', 'Noun'), ('씨', 'Unknown'), ('통틀', 'Verb'), ('는', 'Josa'), ('훌륭하다', 'Adjective'), ('내', 'Unknown'), ('활약', 'Noun'), ('의', 'Josa'), ('가', 'Josa'), ('명', 'Noun'), ('ᆫ', 'Unknown'), ('통틀어', 'Noun'), ('씬', 'Noun'), ('영화', 'Noun'), ('어', 'Unknown'), ('이나', 'Josa'), ('후반', 'Noun'), ('하', 'Unknown'), ('경주', 'Noun'), ('벤허', 'Noun'), ('경', 'Modifier'), ('명장면', 'Noun'), ('과', 'Josa'), ('유다', 'Noun'), ('며', 'Unknown'), ('다', 'Eomi'), ('역경', 'Noun'), ('최고', 'Noun'), ('훌륭하', 'Adjective'), ('을', 'Josa'), ('이다', 'Josa'), ('은', 'Josa'), ('이야기', 'Noun'), ('마차', 'Noun'), ('이겨내며', 'Verb'), ('를', 'Josa'), ('이기', 'Verb'), ('역사', 'Noun'), ('이', 'Unknown')]"
8766093,한지민 최고다! 3번 봣는데 또 보고 싶을정도로 재밋네요,1,0,한지민 최고다 번 봣는데 또 보고 싶을정도로 재밋네요,"[('는데', 'Unknown'), ('로', 'Josa'), ('재밋', 'Noun'), ('보', 'Verb'), ('봣는데', 'Noun'), ('한지민', 'Noun'), ('고', 'Unknown'), ('네요', 'Eomi'), ('재밋네', 'Noun'), ('엇', 'Unknown'), ('보고', 'Noun'), ('싶을', 'Verb'), ('또', 'Noun'), ('정도', 'Noun'), ('요', 'Josa'), ('번', 'Noun'), ('다', 'Adverb'), ('최고', 'Noun'), ('을', 'Unknown'), ('싶', 'Unknown'), ('최고다', 'Noun')]"
2922710,마지막에 절정을 달리는 모습이 일품이죠. 계약서!!! ㅎㅎㅎ,1,0,마지막에 절정을 달리는 모습이 일품이죠 계약서 ㅎㅎㅎ,"[('계약서', 'Noun'), ('모습', 'Noun'), ('는', 'Unknown'), ('절정', 'Noun'), ('달리는', 'Verb'), ('일품', 'Noun'), ('을', 'Josa'), ('에', 'Josa'), ('죠', 'Josa'), ('마지막', 'Noun'), ('ㅎㅎㅎ', 'KoreanParticle'), ('달리', 'Verb'), ('이', 'Suffix')]"
3700251,별반개도 아깝다 보는 내내 잠깰려고 혼났다,0,0,별반개도 아깝다 보는 내내 잠깰려고 혼났다,"[('도', 'Josa'), ('혼나', 'Verb'), ('내내', 'Noun'), ('었', 'Unknown'), ('보', 'Verb'), ('별반', 'Adverb'), ('아깝다', 'Adjective'), ('는', 'Unknown'), ('보는', 'Verb'), ('깨', 'Verb'), ('ᆯ려고', 'Unknown'), ('아깝', 'Unknown'), ('반개', 'Noun'), ('개', 'Noun'), ('잠', 'Noun'), ('다', 'Eomi'), ('혼났다', 'Verb'), ('별', 'Modifier'), ('깰려고', 'Verb')]"
2327257,주연들의 연기가 정말 좋다. 장혁짱!!,1,0,주연들의 연기가 정말 좋다 장혁짱,"[('다', 'Eomi'), ('의', 'Josa'), ('좋', 'Adjective'), ('가', 'Josa'), ('장혁', 'Noun'), ('좋다', 'Adjective'), ('짱', 'Suffix'), ('들', 'Suffix'), ('연기', 'Noun'), ('정말', 'Noun'), ('주연', 'Noun')]"
6476394,스토리도 별루고 외모에 치우쳐진거 같다,0,0,스토리도 별루고 외모에 치우쳐진거 같다,"[('루고', 'Noun'), ('도', 'Josa'), ('거', 'Unknown'), ('같', 'Adjective'), ('다', 'Eomi'), ('이', 'Unknown'), ('치우쳐진거', 'Verb'), ('에', 'Josa'), ('같다', 'Adjective'), ('고', 'Unknown'), ('별', 'Modifier'), ('외모', 'Noun'), ('별루', 'Adverb'), ('치우치', 'Verb'), ('지', 'Unknown'), ('ᆫ', 'Unknown'), ('어', 'Unknown'), ('스토리', 'Noun')]"
950971,참나..........................정말 화성으로 가버렸다,0,0,참나정말 화성으로 가버렸다,"[('다', 'Eomi'), ('버리', 'Unknown'), ('으로', 'Josa'), ('참나', 'Noun'), ('가', 'Verb'), ('었', 'Unknown'), ('가버렸다', 'Verb'), ('정말', 'Noun'), ('어', 'Unknown'), ('화성', 'Noun')]"
3238243,영화가 공포를 유실했다.,0,0,영화가 공포를 유실했다,"[('유실', 'Noun'), ('다', 'Eomi'), ('했다', 'Verb'), ('가', 'Josa'), ('하', 'Unknown'), ('를', 'Josa'), ('었', 'Unknown'), ('공포', 'Noun'), ('영화', 'Noun')]"
6804700,포스터보면 정말 재밌을줄 알았습니다. 뭡니까 이게...,0,0,포스터보면 정말 재밌을줄 알았습니다 뭡니까 이게,"[('니까', 'Josa'), ('었', 'Unknown'), ('보', 'Verb'), ('재밌', 'Adjective'), ('알', 'Verb'), ('뭐', 'Unknown'), ('이것', 'Unknown'), ('재밌을줄', 'Adjective'), ('뭡', 'Noun'), ('알았습니다', 'Verb'), ('ᆸ니까', 'Eomi'), ('보면', 'Verb'), ('포스터', 'Noun'), ('줄', 'Unknown'), ('정말', 'Noun'), ('게', 'Josa'), ('을', 'Unknown'), ('면', 'Unknown'), ('습니다', 'Eomi'), ('이', 'Noun')]"
9429784,심오한 척 하려고 영화에다 온갖 막장요소에 뜬구름 잡는 소리 때려박는 분들이나 그걸 또 무슨 철학적인 영화인양 추앙하면서 허세부리는 자아도취에 빠진 분들이나ㅋㅋ,0,0,심오한 척 하려고 영화에다 온갖 막장요소에 뜬구름 잡는 소리 때려박는 분들이나 그걸 또 무슨 철학적인 영화인양 추앙하면서 허세부리는 자아도취에 빠진 분들이나ㅋㅋ,"[('잡', 'Unknown'), ('빠지', 'Verb'), ('적', 'Suffix'), ('인', 'Josa'), ('척', 'Noun'), ('철학', 'Noun'), ('무슨', 'Noun'), ('려고', 'Unknown'), ('ᆯ', 'Unknown'), ('면서', 'Unknown'), ('잡는', 'Verb'), ('는', 'Unknown'), ('하면서', 'Verb'), ('에다', 'Josa'), ('에', 'Josa'), ('때리', 'Verb'), ('소리', 'Noun'), ('ᆫ', 'Unknown'), ('영화', 'Noun'), ('어', 'Unknown'), ('심오', 'Unknown'), ('때려', 'Verb'), ('뜬구름', 'Noun'), ('도취', 'Noun'), ('이나', 'Josa'), ('그걸', 'Adverb'), ('영화인', 'Noun'), ('ㅋㅋ', 'KoreanParticle'), ('하', 'Unknown'), ('허세부리', 'Noun'), ('막장', 'Noun'), ('또', 'Noun'), ('허세', 'Noun'), ('추앙', 'Noun'), ('하려고', 'Verb'), ('박는', 'Verb'), ('자아도취', 'Noun'), ('심오한', 'Adjective'), ('양', 'Suffix'), ('그거', 'Unknown'), ('빠진', 'Verb'), ('자아', 'Noun'), ('부리는', 'Verb'), ('요소', 'Noun'), ('박', 'Verb'), ('들', 'Suffix'), ('분', 'Noun'), ('온갖', 'Noun'), ('이', 'Unknown')]"
6823883,안하던 학교숙제가 재밌어지는 영화,0,0,안하던 학교숙제가 재밌어지는 영화,"[('하던', 'Verb'), ('는', 'Unknown'), ('재밌어지는', 'Adjective'), ('던', 'Unknown'), ('안', 'VerbPrefix'), ('가', 'Josa'), ('숙제', 'Noun'), ('하', 'Verb'), ('학교', 'Noun'), ('재밌', 'Adjective'), ('지', 'Unknown'), ('영화', 'Noun'), ('어', 'Unknown'), ('학교숙제', 'Noun')]"
1694251,"어른은 올바른 결정을 하는 존재가 아니라, 잘못된걸 수정할 수 있는자다.",1,0,어른은 올바른 결정을 하는 존재가 아니라 잘못된걸 수정할 수 있는자다,"[('거', 'Unknown'), ('자다', 'Verb'), ('하는', 'Verb'), ('수정', 'Noun'), ('있', 'Adjective'), ('할', 'Verb'), ('ᆯ', 'Unknown'), ('잘', 'VerbPrefix'), ('수', 'Noun'), ('어른', 'Noun'), ('는', 'Unknown'), ('아니', 'Unknown'), ('올바른', 'Adjective'), ('가', 'Josa'), ('ᆫ', 'Unknown'), ('존재', 'Noun'), ('못', 'VerbPrefix'), ('결정', 'Noun'), ('된', 'Verb'), ('되', 'Unknown'), ('있는', 'Adjective'), ('잘못', 'Adverb'), ('하', 'Unknown'), ('자', 'Unknown'), ('아니라', 'Adjective'), ('라', 'Unknown'), ('걸', 'Noun'), ('다', 'Eomi'), ('을', 'Josa'), ('은', 'Josa'), ('올바르', 'Adjective'), ('이', 'Unknown')]"
1723598,불쌍하다 ㅠㅠ,1,0,불쌍하다 ㅠㅠ,"[('다', 'Unknown'), ('ㅠㅠ', 'KoreanParticle'), ('불쌍', 'Unknown'), ('하', 'Unknown'), ('불쌍하다', 'Adjective')]"
4481681,추억의 영화...,1,0,추억의 영화,"[('의', 'Josa'), ('영화', 'Noun'), ('추억', 'Noun')]"
5848194,군더더기 하나없는 손에꼽을정도의 잔혹미스테리. 진실파헤치기 그리고 사후세계,1,0,군더더기 하나없는 손에꼽을정도의 잔혹미스테리 진실파헤치기 그리고 사후세계,"[('사후세계', 'Noun'), ('없', 'Adjective'), ('파헤치기', 'Verb'), ('는', 'Unknown'), ('의', 'Josa'), ('기', 'Unknown'), ('에', 'Josa'), ('없는', 'Adjective'), ('그리고', 'Conjunction'), ('군더더기', 'Noun'), ('미스테리', 'Noun'), ('손', 'Noun'), ('정도', 'Noun'), ('하나', 'Noun'), ('파헤치', 'Verb'), ('을', 'Josa'), ('꼽', 'Noun'), ('잔혹', 'Noun'), ('진실', 'Noun')]"
9837790,"아쌀하게 섬짓하기도 했지만, 로버트 드니로의 연기력은 빛났었죠",1,0,아쌀하게 섬짓하기도 했지만 로버트 드니로의 연기력은 빛났었죠,"[('로버트 드니로', 'Noun'), ('로', 'Josa'), ('도', 'Unknown'), ('연기력', 'Noun'), ('했지만', 'Verb'), ('로버트', 'Noun'), ('섬', 'Noun'), ('었', 'Unknown'), ('기도', 'Noun'), ('지만', 'Unknown'), ('빛나', 'Verb'), ('의', 'Noun'), ('기', 'Unknown'), ('아', 'Exclamation'), ('죠', 'Eomi'), ('빛났었죠', 'Verb'), ('짓', 'Noun'), ('쌀하게', 'Verb'), ('었었', 'Unknown'), ('쌀', 'Noun'), ('하', 'Unknown'), ('게', 'Unknown'), ('은', 'Josa'), ('드니', 'Noun'), ('짓하', 'Verb')]"
6053969,하류속에 담겨있는 근대역사,1,0,하류속에 담겨있는 근대역사,"[('근대', 'Noun'), ('는', 'Unknown'), ('담기', 'Verb'), ('에', 'Josa'), ('하류', 'Noun'), ('있', 'Unknown'), ('담겨있는', 'Verb'), ('속', 'Noun'), ('역사', 'Noun'), ('어', 'Unknown')]"
9252155,군인들도 피해자 였다는걸 잘 보여준것같다,1,0,군인들도 피해자 였다는걸 잘 보여준것같다,"[('도', 'Josa'), ('거', 'Unknown'), ('주', 'Unknown'), ('ᆯ', 'Unknown'), ('었', 'Unknown'), ('잘', 'Verb'), ('였다는걸', 'Verb'), ('보이', 'Verb'), ('ᆫ', 'Unknown'), ('어', 'Unknown'), ('같', 'Adjective'), ('피해자', 'Noun'), ('다', 'Eomi'), ('군인', 'Noun'), ('같다', 'Adjective'), ('것', 'Unknown'), ('보여준것', 'Verb'), ('다는', 'Unknown'), ('들', 'Suffix'), ('이', 'Unknown')]"
10226135,1점 주기도 아까운.. 영화다 이게 어떻게 평점이 9점이란 거지? 예민한 종교적인 영화에 평점 9점이란. 영화를 보고 지워버리고 쳐다도 안 보는 50%랑 영화를 본 기독교인이 영화를 보고 평점 10몰빵을 준 50퍼로 나늬겟지...,0,0,점 주기도 아까운 영화다 이게 어떻게 평점이 점이란 거지 예민한 종교적인 영화에 평점 점이란 영화를 보고 지워버리고 쳐다도 안 보는 랑 영화를 본 기독교인이 영화를 보고 평점 몰빵을 준 퍼로 나늬겟지,"[('주기', 'Noun'), ('로', 'Josa'), ('도', 'Unknown'), ('거', 'Unknown'), ('주', 'Verb'), ('적', 'Suffix'), ('주기도', 'Noun'), ('인', 'Josa'), ('기독교', 'Noun'), ('어떻게', 'Adjective'), ('준', 'Noun'), ('퍼', 'Noun'), ('보', 'Verb'), ('점', 'Noun'), ('거지', 'Noun'), ('는', 'Unknown'), ('보는', 'Verb'), ('이것', 'Unknown'), ('란', 'Unknown'), ('에', 'Josa'), ('기독교인', 'Noun'), ('치', 'Verb'), ('고', 'Unknown'), ('쳐다도', 'Verb'), ('아깝', 'Unknown'), ('종교', 'Noun'), ('ᆫ', 'Unknown'), ('나늬겟지', 'Noun'), ('영화', 'Noun'), ('어', 'Unknown'), ('버리고', 'Verb'), ('어다', 'Unknown'), ('본', 'Verb'), ('빵', 'Noun'), ('아까운', 'Adjective'), ('예민', 'Unknown'), ('보고', 'Noun'), ('랑', 'Josa'), ('몰', 'Verb'), ('평점', 'Noun'), ('하', 'Unknown'), ('지우', 'Verb'), ('게', 'Josa'), ('다', 'Josa'), ('예민한', 'Adjective'), ('을', 'Josa'), ('이란', 'Josa'), ('안', 'Noun'), ('나늬겟', 'Noun'), ('은', 'Unknown'), ('를', 'Josa'), ('어떻', 'Unknown'), ('지워', 'Verb'), ('지', 'Josa'), ('버리', 'Unknown'), ('이', 'Josa')]"
3656574,결말-김하늘은나쁘다,0,0,결말김하늘은나쁘다,"[('다', 'Eomi'), ('김하늘', 'Noun'), ('나쁘다', 'Adjective'), ('은', 'Josa'), ('결말', 'Noun'), ('나쁘', 'Adjective')]"
10185436,노력이 정의인것일까 결과가 정의일까,1,0,노력이 정의인것일까 결과가 정의일까,"[('결과', 'Noun'), ('가', 'Josa'), ('인', 'Josa'), ('것', 'Noun'), ('ᆫ', 'Unknown'), ('정의', 'Noun'), ('일까', 'Verb'), ('ᆯ까', 'Eomi'), ('노력', 'Noun'), ('이', 'Josa')]"
9926300,전작과 이어지는 점은 흥미로웠으나 결국 기대이하..,0,0,전작과 이어지는 점은 흥미로웠으나 결국 기대이하,"[('결국', 'Adverb'), ('흥미', 'Noun'), ('으나', 'Unknown'), ('과', 'Josa'), ('는', 'Unknown'), ('대', 'Modifier'), ('흥미로웠으나', 'Adjective'), ('이하', 'Noun'), ('기', 'Modifier'), ('은', 'Josa'), ('롭', 'Unknown'), ('었', 'Unknown'), ('이어지', 'Verb'), ('전작', 'Noun'), ('점', 'Noun'), ('이어지는', 'Verb'), ('기대', 'Noun')]"
8509951,볼만햇다 액션영화가 아닌데 아쉽다,1,0,볼만햇다 액션영화가 아닌데 아쉽다,"[('아쉽다', 'Adjective'), ('아니', 'Unknown'), ('다', 'Adverb'), ('엇', 'Unknown'), ('만', 'Josa'), ('아닌데', 'Adjective'), ('ᆫ데', 'Unknown'), ('햇', 'Noun'), ('가', 'Josa'), ('하', 'Unknown'), ('액션영화', 'Noun'), ('볼', 'Noun'), ('ᆯ', 'Unknown'), ('보', 'Verb'), ('아쉽', 'Unknown'), ('액션', 'Noun'), ('영화', 'Noun')]"
3055405,지금 내옆에서 알게모르게 일어나고있는 현실. 사람답게 살고싶다.,1,0,지금 내옆에서 알게모르게 일어나고있는 현실 사람답게 살고싶다,"[('일어나', 'Verb'), ('살', 'Verb'), ('에서', 'Josa'), ('있', 'Unknown'), ('지금', 'Noun'), ('알', 'Noun'), ('옆', 'Noun'), ('내', 'Determiner'), ('는', 'Unknown'), ('모르', 'Verb'), ('의', 'Unknown'), ('모르게', 'Verb'), ('사람', 'Noun'), ('고', 'Unknown'), ('살고싶다', 'Verb'), ('답', 'Noun'), ('나', 'Unknown'), ('게', 'Josa'), ('다', 'Eomi'), ('싶', 'Unknown'), ('현실', 'Noun'), ('일어나고있는', 'Verb')]"
10233921,솔직히 평점높은건 빅뱅 팬인듯ㅋㅋ걍 스토리도 막장임,0,0,솔직히 평점높은건 빅뱅 팬인듯ㅋㅋ걍 스토리도 막장임,"[('도', 'Josa'), ('거', 'Unknown'), ('듯', 'Noun'), ('인', 'Josa'), ('높', 'Adjective'), ('스토리', 'Noun'), ('ᆫ', 'Unknown'), ('빅뱅', 'Noun'), ('걍', 'Adverb'), ('ㅋㅋ', 'KoreanParticle'), ('평점', 'Noun'), ('막장', 'Noun'), ('솔직히', 'Adjective'), ('높은건', 'Adjective'), ('팬', 'Noun'), ('ᆷ', 'Eomi'), ('임', 'Noun'), ('은', 'Unknown'), ('이', 'Unknown')]"
7785809,내용전개가 너무나 느리다........,0,0,내용전개가 너무나 느리다,"[('다', 'Eomi'), ('느리다', 'Adjective'), ('전개', 'Noun'), ('가', 'Josa'), ('느리', 'Adjective'), ('내용', 'Noun'), ('너무나', 'Adverb')]"
8664614,인생에 지름길은 없다. 젊음의 쾌락과 미래를 위한 지루함. 현명한 여자가 되기 위해 누구라도 고민해 봤을 뻔한. . 성장영화,1,0,인생에 지름길은 없다 젊음의 쾌락과 미래를 위한 지루함 현명한 여자가 되기 위해 누구라도 고민해 봤을 뻔한 성장영화,"[('미래', 'Noun'), ('위', 'Noun'), ('누구', 'Noun'), ('뻔한', 'Adjective'), ('여자', 'Noun'), ('고민', 'Noun'), ('없', 'Adjective'), ('었', 'Unknown'), ('보', 'Unknown'), ('지루함', 'Noun'), ('인생', 'Noun'), ('의', 'Josa'), ('기', 'Unknown'), ('에', 'Josa'), ('가', 'Josa'), ('ᆫ', 'Unknown'), ('명', 'Unknown'), ('현명한', 'Adjective'), ('영화', 'Noun'), ('어', 'Unknown'), ('되', 'Verb'), ('위해', 'Noun'), ('없다', 'Adjective'), ('젊음', 'Noun'), ('하', 'Unknown'), ('봤을', 'Verb'), ('지름길', 'Noun'), ('라도', 'Josa'), ('되기', 'Verb'), ('과', 'Josa'), ('쾌락', 'Noun'), ('다', 'Unknown'), ('을', 'Unknown'), ('은', 'Josa'), ('뻔', 'Unknown'), ('현', 'Unknown'), ('를', 'Josa'), ('한', 'Josa'), ('위하', 'Verb'), ('해', 'Verb'), ('성장', 'Noun'), ('이', 'Unknown')]"
3671609,시작부터 재미없음~더티한영화,0,0,시작부터 재미없음더티한영화,"[('더', 'Adverb'), ('재미없음', 'Adjective'), ('시작', 'Noun'), ('음', 'Eomi'), ('부터', 'Josa'), ('하', 'Unknown'), ('한', 'Determiner'), ('티', 'Noun'), ('ᆫ', 'Unknown'), ('재미없', 'Adjective'), ('더티', 'Noun'), ('영화', 'Noun')]"
5978087,"경찰서를 털어라, 마틴 로렌스 영향때문인지 정말 웃기게 봤음 시리즈 중에 제일 나음",1,0,경찰서를 털어라 마틴 로렌스 영향때문인지 정말 웃기게 봤음 시리즈 중에 제일 나음,"[('털어라', 'Verb'), ('웃기', 'Noun'), ('음', 'Eomi'), ('나음', 'Verb'), ('었', 'Unknown'), ('보', 'Unknown'), ('낫', 'Unknown'), ('어라', 'Eomi'), ('경찰서', 'Noun'), ('ᆫ지', 'Unknown'), ('에', 'Josa'), ('마틴', 'Noun'), ('시리즈', 'Noun'), ('일', 'Unknown'), ('때문', 'Noun'), ('인지', 'Josa'), ('정말', 'Noun'), ('마틴 로렌스', 'Noun'), ('게', 'Josa'), ('털', 'Verb'), ('제일', 'Noun'), ('로렌스', 'Noun'), ('봤음', 'Verb'), ('를', 'Josa'), ('중', 'Noun'), ('영향', 'Noun'), ('제', 'Unknown'), ('이', 'Unknown')]"
5587581,아무 것도.. 정말 아무 것도 없는 영화,0,0,아무 것도 정말 아무 것도 없는 영화,"[('영화', 'Noun'), ('도', 'Josa'), ('는', 'Unknown'), ('아무', 'Noun'), ('것', 'Noun'), ('없는', 'Adjective'), ('없', 'Adjective'), ('정말', 'Noun')]"
179458,황망한 느낌,0,0,황망한 느낌,"[('황', 'Noun'), ('황망', 'Noun'), ('망한', 'Adjective'), ('하', 'Unknown'), ('느낌', 'Noun'), ('ᆫ', 'Unknown')]"
9042702,여주인공이 미스트광신 아줌마 추격자의수퍼 아줌마를 능가 하는 무개념녀 모든사건의원흉,0,0,여주인공이 미스트광신 아줌마 추격자의수퍼 아줌마를 능가 하는 무개념녀 모든사건의원흉,"[('여', 'Modifier'), ('하는', 'Verb'), ('수퍼', 'Noun'), ('여주인공', 'Noun'), ('사건', 'Noun'), ('는', 'Unknown'), ('아줌마', 'Noun'), ('의', 'Josa'), ('미스트', 'Noun'), ('이', 'Josa'), ('주인공', 'Noun'), ('하', 'Unknown'), ('추격자', 'Noun'), ('무', 'Noun'), ('원흉', 'Noun'), ('를', 'Josa'), ('개념', 'Noun'), ('능가', 'Noun'), ('광신', 'Noun'), ('녀', 'Noun'), ('모든', 'Modifier')]"
7642541,내 평점은 4점이지만 평점에 낚여서 본 사람으로써 1점 준다. 단순한 친구에서 연인되는 그런 영화인줄 알았느데 영화보는내내 너무 황당했고 이해가 안갔다. 결말을 그렇게 엽기적으로 끝냈어야하는지...? 이렇게 황당한 영화는 처음인거같다,0,0,내 평점은 점이지만 평점에 낚여서 본 사람으로써 점 준다 단순한 친구에서 연인되는 그런 영화인줄 알았느데 영화보는내내 너무 황당했고 이해가 안갔다 결말을 그렇게 엽기적으로 끝냈어야하는지 이렇게 황당한 영화는 처음인거같다,"[('끝내', 'Verb'), ('거', 'Unknown'), ('주', 'Verb'), ('보는내내', 'Verb'), ('적', 'Suffix'), ('내내', 'Adverb'), ('에서', 'Josa'), ('그런', 'Adjective'), ('이렇게', 'Adverb'), ('었', 'Unknown'), ('이해', 'Noun'), ('황당했고', 'Adjective'), ('어서', 'Unknown'), ('보', 'Verb'), ('점', 'Noun'), ('내', 'Noun'), ('엽기', 'Noun'), ('너무', 'Adverb'), ('는', 'Josa'), ('지만', 'Unknown'), ('는지', 'Unknown'), ('에', 'Josa'), ('사람', 'Noun'), ('가', 'Josa'), ('되는', 'Verb'), ('으로', 'Josa'), ('그렇게', 'Adverb'), ('낚이', 'Verb'), ('인거', 'Josa'), ('ᆫ', 'Unknown'), ('고', 'Unknown'), ('어야', 'Unknown'), ('영화', 'Noun'), ('처음', 'Noun'), ('황당한', 'Adjective'), ('본', 'Verb'), ('연인', 'Noun'), ('같', 'Adjective'), ('되', 'Unknown'), ('영화인', 'Noun'), ('황당', 'Unknown'), ('평점', 'Noun'), ('낚', 'Noun'), ('하', 'Unknown'), ('알았느데', 'Noun'), ('결말', 'Noun'), ('줄', 'Noun'), ('여서', 'Josa'), ('으로써', 'Josa'), ('다', 'Eomi'), ('단순한', 'Adjective'), ('친구', 'Noun'), ('이지만', 'Josa'), ('준다', 'Verb'), ('안', 'VerbPrefix'), ('을', 'Josa'), ('은', 'Josa'), ('같다', 'Adjective'), ('단순', 'Noun'), ('ᆫ다', 'Unknown'), ('끝냈어야하는지', 'Verb'), ('갔다', 'Verb'), ('이', 'Unknown')]"
9325557,"언데드가 출몰하는 서부극 으로 이야기 전개 방식이 짜증스럽다. 빈약한 스토리, 별거 없는 액션씬. 웨슬리 횽아의 카리수마 눈빛만 여전~",0,0,언데드가 출몰하는 서부극 으로 이야기 전개 방식이 짜증스럽다 빈약한 스토리 별거 없는 액션씬 웨슬리 횽아의 카리수마 눈빛만 여전,"[('하는', 'Verb'), ('방식', 'Noun'), ('별거', 'Noun'), ('없', 'Adjective'), ('서부', 'Noun'), ('눈빛', 'Noun'), ('액션', 'Noun'), ('빈약', 'Noun'), ('스토리', 'Noun'), ('는', 'Unknown'), ('전개', 'Noun'), ('의', 'Josa'), ('카리', 'Noun'), ('여전', 'Noun'), ('가', 'Josa'), ('극', 'Suffix'), ('으로', 'Josa'), ('없는', 'Adjective'), ('출몰', 'Noun'), ('횽아', 'Noun'), ('ᆫ', 'Unknown'), ('씬', 'Noun'), ('수마', 'Noun'), ('짜증스럽다', 'Adjective'), ('웨슬리', 'Noun'), ('빈약한', 'Adjective'), ('서부극', 'Noun'), ('스럽', 'Unknown'), ('하', 'Unknown'), ('카리수마', 'Noun'), ('언데드', 'Noun'), ('다', 'Unknown'), ('만', 'Josa'), ('이야기', 'Noun'), ('짜증', 'Noun'), ('이', 'Josa')]"
10842,영화 참 희안스럽네.,0,0,영화 참 희안스럽네,"[('안스럽', 'Unknown'), ('희안', 'Adjective'), ('참', 'Verb'), ('네', 'Eomi'), ('희', 'Noun'), ('영화', 'Noun'), ('스럽네', 'Adjective')]"
9666952,"신선한 소재와 아름다운연기, 정말 잘어울리는 ost, 자연스러운 스토리전개등 대부분이 좋았다. 단, 개인적으로 결말을 열어놓는걸 별로 좋아하지 않아서 그게 좀 서글펐다.",1,0,신선한 소재와 아름다운연기 정말 잘어울리는 ost 자연스러운 스토리전개등 대부분이 좋았다 단 개인적으로 결말을 열어놓는걸 별로 좋아하지 않아서 그게 좀 서글펐다,"[('열어놓는걸', 'Verb'), ('거', 'Unknown'), ('별로', 'Noun'), ('아름다운', 'Adjective'), ('적', 'Suffix'), ('개인', 'Noun'), ('그게', 'Noun'), ('열', 'Verb'), ('었', 'Unknown'), ('잘', 'VerbPrefix'), ('ᆯ', 'Unknown'), ('어서', 'Unknown'), ('스토리', 'Noun'), ('놓', 'Unknown'), ('서글펐다', 'Adjective'), ('는', 'Unknown'), ('어울리는', 'Verb'), ('전개', 'Noun'), ('단', 'Noun'), ('좀', 'Noun'), ('자연', 'Noun'), ('서글프', 'Adjective'), ('으로', 'Josa'), ('대부분', 'Noun'), ('ᆫ', 'Unknown'), ('연기', 'Noun'), ('와', 'Josa'), ('신선한', 'Adjective'), ('좋아하지', 'Adjective'), ('소재', 'Noun'), ('어', 'Unknown'), ('신선', 'Unknown'), ('않아서', 'Verb'), ('스럽', 'Unknown'), ('그것', 'Unknown'), ('좋아하', 'Verb'), ('하', 'Unknown'), ('않', 'Unknown'), ('결말', 'Noun'), ('정말', 'Noun'), ('아름답', 'Unknown'), ('ost', 'Alpha'), ('등', 'Noun'), ('어울리', 'Verb'), ('좋았다', 'Adjective'), ('자연스러운', 'Adjective'), ('다', 'Eomi'), ('을', 'Josa'), ('좋', 'Adjective'), ('은', 'Unknown'), ('지', 'Unknown'), ('이', 'Josa')]"
9212295,보고 후회한영화는 이영화가첨인듯 너무 억지스러운 것들이많은것같다,0,0,보고 후회한영화는 이영화가첨인듯 너무 억지스러운 것들이많은것같다,"[('듯', 'Noun'), ('이영화', 'Noun'), ('가첨', 'Noun'), ('인', 'Josa'), ('보', 'Verb'), ('많은것', 'Adjective'), ('는', 'Josa'), ('너무', 'Adverb'), ('억지', 'Noun'), ('가', 'Josa'), ('고', 'Unknown'), ('ᆫ', 'Unknown'), ('영화', 'Noun'), ('첨', 'Noun'), ('같', 'Adjective'), ('스럽', 'Unknown'), ('보고', 'Noun'), ('하', 'Unknown'), ('후회', 'Noun'), ('다', 'Eomi'), ('같다', 'Adjective'), ('것', 'Noun'), ('은', 'Unknown'), ('한', 'Determiner'), ('들', 'Suffix'), ('억지스러운', 'Adjective'), ('많', 'Adjective'), ('이', 'Josa')]"
9221685,나도모르게 집중되어버린 드라마.,1,0,나도모르게 집중되어버린 드라마,"[('집중', 'Noun'), ('도', 'Unknown'), ('되어', 'Verb'), ('게', 'Unknown'), ('되', 'Unknown'), ('나도', 'Verb'), ('모르', 'Verb'), ('버리', 'Unknown'), ('버린', 'Verb'), ('드라마', 'Noun'), ('ᆫ', 'Unknown'), ('나', 'Unknown'), ('모르게', 'Verb'), ('어', 'Unknown')]"
10276529,너무 허무하다.. 이거찍은 배우들이 불쌍함..,0,0,너무 허무하다 이거찍은 배우들이 불쌍함,"[('거', 'Noun'), ('배우', 'Noun'), ('너무', 'Adverb'), ('다', 'Eomi'), ('허무하다', 'Adjective'), ('찍은', 'Verb'), ('불쌍하', 'Adjective'), ('ᆷ', 'Eomi'), ('은', 'Unknown'), ('하', 'Unknown'), ('허무', 'Noun'), ('찍', 'Verb'), ('들', 'Suffix'), ('불쌍함', 'Adjective'), ('이거', 'Unknown'), ('이', 'Josa')]"
6237349,재밌게 봤네요,1,0,재밌게 봤네요,"[('네요', 'Eomi'), ('게', 'Unknown'), ('봤네요', 'Verb'), ('었', 'Unknown'), ('보', 'Verb'), ('재밌게', 'Adjective'), ('재밌', 'Adjective')]"
9832548,땅콩을 쏴라였으면 더 재미있었겠네,0,0,땅콩을 쏴라였으면 더 재미있었겠네,"[('더', 'Noun'), ('어라', 'Eomi'), ('땅콩', 'Noun'), ('겠', 'Unknown'), ('으면', 'Unknown'), ('쏴라', 'Verb'), ('을', 'Josa'), ('였으면', 'Verb'), ('재미있', 'Adjective'), ('네', 'Eomi'), ('었', 'Unknown'), ('쏘', 'Verb'), ('재미있었겠네', 'Adjective'), ('이', 'Unknown')]"
6754412,배우들은 괜찮은데 내용은 쓰레기도 이런 쓰레기가 없다.,0,0,배우들은 괜찮은데 내용은 쓰레기도 이런 쓰레기가 없다,"[('괜찮은데', 'Adjective'), ('은데', 'Unknown'), ('도', 'Josa'), ('배우', 'Noun'), ('다', 'Eomi'), ('쓰레기', 'Noun'), ('이런', 'Adjective'), ('없다', 'Adjective'), ('가', 'Josa'), ('은', 'Josa'), ('괜찮', 'Adjective'), ('내용', 'Noun'), ('없', 'Adjective'), ('들', 'Suffix')]"
9262144,이 영화는 고1때 극장에서 보고 지금까지 잊혀지지가 않는다. 말이 필요없는 영화 진짜 최고,1,0,이 영화는 고때 극장에서 보고 지금까지 잊혀지지가 않는다 말이 필요없는 영화 진짜 최고,"[('필요', 'Noun'), ('는다', 'Eomi'), ('에서', 'Josa'), ('없', 'Adjective'), ('보', 'Verb'), ('지금', 'Noun'), ('잊혀지지가', 'Verb'), ('는', 'Josa'), ('않는다', 'Verb'), ('잊히', 'Verb'), ('가', 'Josa'), ('고', 'Modifier'), ('영화', 'Noun'), ('어', 'Unknown'), ('보고', 'Noun'), ('고때', 'Noun'), ('때', 'Noun'), ('까지', 'Josa'), ('않', 'Verb'), ('극장', 'Noun'), ('필요없는', 'Adjective'), ('최고', 'Noun'), ('진짜', 'Noun'), ('지', 'Unknown'), ('말', 'Noun'), ('이', 'Josa')]"
6997227,1점을 만들어보자!,0,0,점을 만들어보자,"[('만들', 'Verb'), ('보자', 'Verb'), ('만들어', 'Verb'), ('을', 'Josa'), ('자', 'Eomi'), ('보', 'Unknown'), ('점', 'Noun'), ('어', 'Unknown')]"
3843204,찝찝한 블랙 코미디ㅡ.ㅡ;;,0,0,찝찝한 블랙 코미디ㅡㅡ,"[('코미디', 'Noun'), ('블랙', 'Noun'), ('하', 'Unknown'), ('ᆫ', 'Unknown'), ('찝찝', 'Unknown'), ('찝찝한', 'Adjective'), ('ㅡㅡ', 'KoreanParticle')]"
9320061,브이씨들은 다 죽어야함,1,0,브이씨들은 다 죽어야함,"[('다', 'Adverb'), ('죽어', 'Verb'), ('브이', 'Noun'), ('브이씨', 'Noun'), ('ᆷ', 'Eomi'), ('은', 'Josa'), ('하', 'Unknown'), ('어야', 'Unknown'), ('들', 'Suffix'), ('야함', 'Adjective'), ('죽', 'Verb'), ('씨', 'Noun')]"
8111525,"저 나이 때, 우린 뭐 하고 있었지??",1,0,저 나이 때 우린 뭐 하고 있었지,"[('저', 'Noun'), ('뭐', 'Noun'), ('하고', 'Verb'), ('우리', 'Unknown'), ('지', 'Eomi'), ('때', 'Noun'), ('하', 'Verb'), ('고', 'Unknown'), ('우린', 'Noun'), ('ᆫ', 'Unknown'), ('있', 'Unknown'), ('있었지', 'Adjective'), ('었', 'Unknown'), ('나이', 'Noun')]"
445707,....정말 실망한 영화다.. ㄱ-,0,0,정말 실망한 영화다 ㄱ,"[('다', 'Josa'), ('하', 'Unknown'), ('ᆫ', 'Unknown'), ('ㄱ', 'KoreanParticle'), ('실망', 'Noun'), ('정말', 'Noun'), ('영화', 'Noun'), ('이', 'Unknown'), ('실망한', 'Adjective')]"
1427617,good,0,0,good,"[('good', 'Alpha')]"
7059760,보는내내 정말 잘 잤다,0,0,보는내내 정말 잘 잤다,"[('는', 'Unknown'), ('잤다', 'Verb'), ('보는내내', 'Verb'), ('다', 'Eomi'), ('내내', 'Adverb'), ('자', 'Verb'), ('었', 'Unknown'), ('잘', 'Verb'), ('보', 'Verb'), ('정말', 'Noun')]"
4387206,10만점에 10점 ~잔잔한 감동이 전해오는 영화였어요,1,0,만점에 점 잔잔한 감동이 전해오는 영화였어요,"[('었', 'Unknown'), ('점', 'Noun'), ('해오는', 'Verb'), ('는', 'Unknown'), ('였어요', 'Verb'), ('에', 'Josa'), ('ᆫ', 'Unknown'), ('오', 'Unknown'), ('영화', 'Noun'), ('어', 'Unknown'), ('어요', 'Eomi'), ('감동', 'Noun'), ('하', 'Unknown'), ('전', 'Noun'), ('잔잔', 'Unknown'), ('만점', 'Noun'), ('잔잔한', 'Adjective'), ('전하', 'Verb'), ('이', 'Josa')]"
3650595,앗 전차남!,1,0,앗 전차남,"[('앗', 'Noun'), ('전차남', 'Noun')]"
9219930,주연에 비해 스토리가 너무 아니네요,0,0,주연에 비해 스토리가 너무 아니네요,"[('네요', 'Eomi'), ('아니네요', 'Adjective'), ('아니', 'Unknown'), ('너무', 'Adverb'), ('비하', 'Verb'), ('에', 'Josa'), ('가', 'Josa'), ('비해', 'Verb'), ('어', 'Unknown'), ('스토리', 'Noun'), ('주연', 'Noun')]"
482128,원작을 따라하나 막상 중요(?)한 부분은 희한하게 고치는 센스,0,0,원작을 따라하나 막상 중요한 부분은 희한하게 고치는 센스,"[('따르', 'Verb'), ('막상', 'Noun'), ('부분', 'Noun'), ('는', 'Unknown'), ('고치', 'Verb'), ('희한', 'Unknown'), ('ᆫ', 'Unknown'), ('어', 'Unknown'), ('고치는', 'Verb'), ('중요', 'Noun'), ('따라하나', 'Verb'), ('하', 'Unknown'), ('나', 'Unknown'), ('중요한', 'Adjective'), ('원작', 'Noun'), ('게', 'Unknown'), ('을', 'Josa'), ('은', 'Josa'), ('센스', 'Noun'), ('희한하게', 'Adjective')]"
2808189,졸작,0,0,졸작,"[('졸작', 'Noun')]"
10151076,무간도 한국어판 잘봣씁니다 ^^,0,0,무간도 한국어판 잘봣씁니다,"[('쓰', 'Verb'), ('한국어', 'Noun'), ('다', 'Josa'), ('잘봣', 'Noun'), ('한국어판', 'Noun'), ('판', 'Noun'), ('ᆸ니다', 'Eomi'), ('무간도', 'Noun'), ('잘봣씁니', 'Noun')]"
8838490,"배우들의 연기력에 감탄, 또 감탄!!!!",1,0,배우들의 연기력에 감탄 또 감탄,"[('연기력', 'Noun'), ('배우', 'Noun'), ('의', 'Josa'), ('에', 'Josa'), ('들', 'Suffix'), ('또', 'Noun'), ('감탄', 'Noun')]"
2694966,저도 라스트 씬의 singing in the rain 이 좋았어요 ...,1,0,저도 라스트 씬의 singing in the rain 이 좋았어요,"[('도', 'Josa'), ('the', 'Alpha'), ('저', 'Noun'), ('라스트', 'Noun'), ('의', 'Josa'), ('좋', 'Adjective'), ('in', 'Alpha'), ('singing', 'Alpha'), ('rain', 'Alpha'), ('었', 'Unknown'), ('씬', 'Noun'), ('좋았어요', 'Adjective'), ('이', 'Noun'), ('어요', 'Eomi')]"
6630101,액션영화를 생각하고 본다면 실망이죠,0,0,액션영화를 생각하고 본다면 실망이죠,"[('하고', 'Josa'), ('이', 'Suffix'), ('죠', 'Josa'), ('본다면', 'Verb'), ('하', 'Unknown'), ('액션영화', 'Noun'), ('를', 'Josa'), ('고', 'Unknown'), ('ᆫ다면', 'Unknown'), ('보', 'Verb'), ('액션', 'Noun'), ('영화', 'Noun'), ('생각', 'Noun'), ('실망', 'Noun')]"
9151211,별 관심없던 연예인이였는데 방송 한방에 모두 호감으로 ㅋㅋㅋㅋ 견뎌내는 그대들이 너무 대견하고 이뻐 보였다 다음주가 기다려진다~~,1,0,별 관심없던 연예인이였는데 방송 한방에 모두 호감으로 ㅋㅋㅋㅋ 견뎌내는 그대들이 너무 대견하고 이뻐 보였다 다음주가 기다려진다,"[('는데', 'Unknown'), ('ᆫ다', 'Eomi'), ('방송', 'Noun'), ('주', 'Noun'), ('였는데', 'Verb'), ('연예인', 'Noun'), ('방', 'Noun'), ('이뻐', 'Adjective'), ('없', 'Adjective'), ('었', 'Unknown'), ('없던', 'Adjective'), ('모두', 'Noun'), ('호감', 'Noun'), ('대견하고', 'Adjective'), ('내', 'Unknown'), ('는', 'Unknown'), ('너무', 'Adverb'), ('보이', 'Verb'), ('기다리', 'Verb'), ('그대', 'Noun'), ('에', 'Josa'), ('으로', 'Josa'), ('가', 'Josa'), ('고', 'Unknown'), ('다음', 'Noun'), ('어', 'Unknown'), ('ㅋㅋㅋㅋ', 'KoreanParticle'), ('이쁘', 'Adjective'), ('대견', 'Unknown'), ('관심', 'Noun'), ('였', 'Unknown'), ('하', 'Unknown'), ('보였다', 'Verb'), ('다음주', 'Noun'), ('다', 'Eomi'), ('던', 'Unknown'), ('견뎌내는', 'Verb'), ('지', 'Unknown'), ('별', 'Noun'), ('한', 'Determiner'), ('기다려진다', 'Verb'), ('견디', 'Verb'), ('들', 'Suffix'), ('이', 'Josa')]"
8695681,보는 이를 부끄럽게 만드는 황당한 시츄에이션들,0,0,보는 이를 부끄럽게 만드는 황당한 시츄에이션들,"[('황당한', 'Adjective'), ('는', 'Unknown'), ('게', 'Unknown'), ('보는', 'Verb'), ('시츄에이션', 'Noun'), ('만드는', 'Verb'), ('황당', 'Unknown'), ('하', 'Unknown'), ('를', 'Unknown'), ('ᆫ', 'Unknown'), ('이를', 'Verb'), ('보', 'Verb'), ('부끄럽게', 'Adjective'), ('들', 'Suffix'), ('부끄럽', 'Unknown'), ('만드', 'Verb'), ('이', 'Unknown')]"
5230385,옛다!9점 이소룡도 이연결도 액션과 재미는 성룡보다 한수 아래,1,0,옛다점 이소룡도 이연결도 액션과 재미는 성룡보다 한수 아래,"[('옛', 'Modifier'), ('도', 'Josa'), ('점', 'Adverb'), ('액션', 'Noun'), ('수', 'Noun'), ('이소룡', 'Noun'), ('는', 'Josa'), ('다점', 'Noun'), ('연결', 'Noun'), ('아래', 'Noun'), ('재미', 'Noun'), ('이', 'Unknown'), ('한수', 'Noun'), ('이연결', 'Noun'), ('과', 'Josa'), ('다', 'Adverb'), ('한', 'Unknown'), ('보다', 'Josa'), ('성룡', 'Noun')]"
5177563,엘렌페이지 너무 예쁘고 음악도 좋고 화면도 예뻐요 포스터보고 관심 없었는데ㅎ,1,0,엘렌페이지 너무 예쁘고 음악도 좋고 화면도 예뻐요 포스터보고 관심 없었는데ㅎ,"[('는데', 'Unknown'), ('예쁘고', 'Adjective'), ('도', 'Josa'), ('없', 'Adjective'), ('었', 'Unknown'), ('너무', 'Adverb'), ('고', 'Unknown'), ('페이지', 'Noun'), ('어요', 'Eomi'), ('없었는데', 'Adjective'), ('좋고', 'Adjective'), ('보고', 'Noun'), ('음악', 'Noun'), ('관심', 'Noun'), ('포스터', 'Noun'), ('ㅎ', 'KoreanParticle'), ('화면', 'Noun'), ('예뻐요', 'Adjective'), ('엘렌', 'Noun'), ('좋', 'Adjective'), ('예쁘', 'Adjective')]"
7340957,재미없다,0,0,재미없다,"[('재미없다', 'Adjective'), ('재미없', 'Adjective'), ('다', 'Eomi')]"
9750873,이 유명한 영화를 이제야 봤네요. 건축학개론보다 제겐 더 와닿는 영화입니다. 정말 현실적이고 남녀의 생각을 잘 보여주는...마지막 유지태가 이영애를 거절하는 장면은 참 남자로서 멋집니다.,1,0,이 유명한 영화를 이제야 봤네요 건축학개론보다 제겐 더 와닿는 영화입니다 정말 현실적이고 남녀의 생각을 잘 보여주는마지막 유지태가 이영애를 거절하는 장면은 참 남자로서 멋집니다,"[('더', 'Noun'), ('장면', 'Noun'), ('멋집니다', 'Adjective'), ('주', 'Unknown'), ('참', 'Verb'), ('적', 'Suffix'), ('하는', 'Verb'), ('었', 'Unknown'), ('잘', 'Verb'), ('보', 'Verb'), ('는', 'Unknown'), ('보이', 'Verb'), ('제겐', 'Noun'), ('남자', 'Noun'), ('의', 'Josa'), ('가', 'Josa'), ('고', 'Unknown'), ('ᆫ', 'Unknown'), ('유명', 'Noun'), ('오', 'Verb'), ('와', 'Verb'), ('영화', 'Noun'), ('건축학개론', 'Noun'), ('어', 'Unknown'), ('네요', 'Eomi'), ('저', 'Unknown'), ('로서', 'Noun'), ('멋지', 'Adjective'), ('이영애', 'Noun'), ('거절', 'Noun'), ('하', 'Unknown'), ('입니다', 'Adjective'), ('정말', 'Noun'), ('유명한', 'Adjective'), ('생각', 'Noun'), ('이고', 'Josa'), ('닿는', 'Verb'), ('이제야', 'Noun'), ('을', 'Josa'), ('에게', 'Unknown'), ('은', 'Josa'), ('보여주는', 'Verb'), ('마지막', 'Noun'), ('를', 'Josa'), ('봤네요', 'Verb'), ('보다', 'Josa'), ('현실', 'Noun'), ('ᆸ니다', 'Eomi'), ('유지태', 'Noun'), ('남녀', 'Noun'), ('이', 'Noun'), ('닿', 'Verb')]"
9886069,이런 영화좀 만들지 말길..,0,0,이런 영화좀 만들지 말길,"[('만들', 'Verb'), ('좀', 'Noun'), ('이런', 'Adjective'), ('기', 'Unknown'), ('ᆯ', 'Unknown'), ('만들지', 'Verb'), ('지', 'Unknown'), ('말', 'Unknown'), ('말길', 'Verb'), ('영화', 'Noun')]"
5156529,귀여운 캐릭터들도 많이 나와서 보러 가야 겠어요..,1,0,귀여운 캐릭터들도 많이 나와서 보러 가야 겠어요,"[('도', 'Josa'), ('겠', 'Unknown'), ('보', 'Verb'), ('귀여운', 'Adjective'), ('캐릭터', 'Noun'), ('귀엽', 'Unknown'), ('어서', 'Unknown'), ('나오', 'Verb'), ('가', 'Verb'), ('어야', 'Unknown'), ('많이', 'Adverb'), ('가야', 'Noun'), ('어요', 'Eomi'), ('러', 'Unknown'), ('보러', 'Verb'), ('은', 'Unknown'), ('겠어요', 'Verb'), ('들', 'Suffix'), ('나와서', 'Verb')]"
8589993,스토리이해도 안되고 어떤 이야기인지도 모르겟음 애니매이션 만들려면 잘만들어야지 일본한테 밀린다소리안듣지,0,0,스토리이해도 안되고 어떤 이야기인지도 모르겟음 애니매이션 만들려면 잘만들어야지 일본한테 밀린다소리안듣지,"[('안되고', 'Adjective'), ('도', 'Unknown'), ('음', 'Eomi'), ('모르겟음', 'Verb'), ('만들려면', 'Verb'), ('일본', 'Noun'), ('밀리', 'Verb'), ('잘', 'VerbPrefix'), ('한테', 'Josa'), ('이해', 'Noun'), ('스토리', 'Noun'), ('ᆫ지', 'Unknown'), ('모르', 'Verb'), ('리안', 'Noun'), ('고', 'Unknown'), ('소리', 'Noun'), ('려면', 'Unknown'), ('애니매이션', 'Noun'), ('되', 'Verb'), ('겟', 'Unknown'), ('어떤', 'Adjective'), ('듣', 'Unknown'), ('듣지', 'Verb'), ('만들', 'Verb'), ('어야지', 'Unknown'), ('안', 'Adverb'), ('인지도', 'Noun'), ('만들어야지', 'Verb'), ('이야기', 'Noun'), ('밀린다소', 'Verb'), ('ᆫ다', 'Eomi'), ('지', 'Eomi'), ('이해도', 'Noun'), ('이', 'Unknown')]"
10273928,1에 비해 1점도 아깝다,0,0,에 비해 점도 아깝다,"[('아깝다', 'Adjective'), ('도', 'Unknown'), ('다', 'Eomi'), ('비하', 'Verb'), ('에', 'Josa'), ('비해', 'Verb'), ('아깝', 'Unknown'), ('점도', 'Noun'), ('점', 'Noun'), ('어', 'Unknown')]"
10000434,그냥 뻔한 영화 눈물한개도안나옴,0,0,그냥 뻔한 영화 눈물한개도안나옴,"[('나옴', 'Verb'), ('개', 'Unknown'), ('도', 'Unknown'), ('뻔한', 'Adjective'), ('나오', 'Verb'), ('그냥', 'Noun'), ('ᆷ', 'Eomi'), ('안', 'Adverb'), ('뻔', 'Unknown'), ('하', 'Unknown'), ('한개', 'Modifier'), ('ᆫ', 'Unknown'), ('한', 'Unknown'), ('눈물', 'Noun'), ('도안', 'Noun'), ('영화', 'Noun')]"
3848881,"그래, 상상을 불허한다.",0,0,그래 상상을 불허한다,"[('상상', 'Noun'), ('그래', 'Adjective'), ('을', 'Josa'), ('하', 'Unknown'), ('ᆫ다', 'Eomi'), ('한다', 'Verb'), ('불허', 'Noun')]"
10002273,"유가와는 논리에 근거하여 어떻게 살인을 했는지 풀어냈지만, 사랑은 논리로 풀어낼 수 없기에 왜 살인을 했는지는 풀어내지 못했다.",1,0,유가와는 논리에 근거하여 어떻게 살인을 했는지 풀어냈지만 사랑은 논리로 풀어낼 수 없기에 왜 살인을 했는지는 풀어내지 못했다,"[('살인', 'Noun'), ('로', 'Josa'), ('풀어', 'Verb'), ('풀어내지', 'Verb'), ('ᆯ', 'Unknown'), ('어떻게', 'Adjective'), ('었', 'Unknown'), ('없', 'Adjective'), ('와는', 'Josa'), ('하여', 'Verb'), ('수', 'Noun'), ('근거', 'Noun'), ('유가', 'Noun'), ('는', 'Unknown'), ('지만', 'Unknown'), ('했다', 'Verb'), ('는지', 'Unknown'), ('기', 'Unknown'), ('에', 'Josa'), ('못', 'VerbPrefix'), ('논리', 'Noun'), ('와', 'Unknown'), ('어', 'Unknown'), ('왜', 'Noun'), ('하', 'Unknown'), ('냈지만', 'Verb'), ('사랑', 'Noun'), ('게', 'Unknown'), ('다', 'Eomi'), ('풀어내', 'Verb'), ('없기에', 'Adjective'), ('을', 'Josa'), ('했는지는', 'Verb'), ('은', 'Josa'), ('했는지', 'Verb'), ('어떻', 'Unknown'), ('지', 'Unknown'), ('낼', 'Noun')]"
9952572,평점은 주관이니 10점 만점에 3점짜리 애니매이션 이네요. 픽사애니처럼 재미와 감동이 없음.,0,0,평점은 주관이니 점 만점에 점짜리 애니매이션 이네요 픽사애니처럼 재미와 감동이 없음,"[('음', 'Eomi'), ('처럼', 'Josa'), ('짜리', 'Verb'), ('없', 'Adjective'), ('점', 'Noun'), ('주관', 'Noun'), ('애니', 'Noun'), ('이니', 'Josa'), ('에', 'Josa'), ('와', 'Josa'), ('애니매이션', 'Noun'), ('재미', 'Noun'), ('감동', 'Noun'), ('네요', 'Eomi'), ('평점', 'Noun'), ('이네요', 'Verb'), ('만점', 'Noun'), ('니', 'Unknown'), ('픽사', 'Noun'), ('없음', 'Adjective'), ('은', 'Josa'), ('이', 'Josa')]"
9148597,끝까지...봤다....,0,0,끝까지봤다,"[('다', 'Eomi'), ('봤다', 'Verb'), ('까지', 'Josa'), ('끝', 'Noun'), ('었', 'Unknown'), ('보', 'Verb')]"
9995067,이 감독님 야구치감독 팬이신가보다...근데 왜 그 영화들이 사랑받는지는 몰르나보다...ㅋㅋㅋ 이건 흉내도 제대로 못낸...,0,0,이 감독님 야구치감독 팬이신가보다근데 왜 그 영화들이 사랑받는지는 몰르나보다ㅋㅋㅋ 이건 흉내도 제대로 못낸,"[('도', 'Josa'), ('감독', 'Noun'), ('보', 'Unknown'), ('이거', 'Unknown'), ('사랑받는지는', 'Verb'), ('는', 'Unknown'), ('내', 'Verb'), ('야구치', 'Noun'), ('는지', 'Unknown'), ('치', 'Noun'), ('낸', 'Verb'), ('님', 'Suffix'), ('이건', 'Noun'), ('ᆫ', 'Unknown'), ('못', 'VerbPrefix'), ('영화', 'Noun'), ('이신가', 'Josa'), ('흉내', 'Noun'), ('몰르', 'Verb'), ('왜', 'Noun'), ('ᆫ가', 'Eomi'), ('야구', 'Noun'), ('시', 'Unknown'), ('ㅋㅋㅋ', 'KoreanParticle'), ('그', 'Noun'), ('받', 'Unknown'), ('나', 'Unknown'), ('몰르나보다', 'Verb'), ('사랑', 'Noun'), ('다', 'Unknown'), ('팬', 'Noun'), ('근데', 'Adverb'), ('보다', 'Verb'), ('들', 'Suffix'), ('제대로', 'Noun'), ('이', 'Josa')]"
1412085,졸리가 참 매력있는 배우라는 걸 느끼게 해주는 영화,1,0,졸리가 참 매력있는 배우라는 걸 느끼게 해주는 영화,"[('거', 'Unknown'), ('주', 'Unknown'), ('참', 'Verb'), ('있', 'Adjective'), ('ᆯ', 'Unknown'), ('는', 'Unknown'), ('매력', 'Noun'), ('라는', 'Josa'), ('가', 'Josa'), ('영화', 'Noun'), ('어', 'Unknown'), ('느끼', 'Verb'), ('해주는', 'Verb'), ('배우', 'Noun'), ('있는', 'Adjective'), ('하', 'Unknown'), ('느끼게', 'Verb'), ('걸', 'Noun'), ('게', 'Unknown'), ('졸리', 'Noun'), ('이', 'Unknown')]"
5373088,"짜증나,,한마디 쓰레기 킬링타임용으로가 아니라 영화보는 전기가 아깝다",0,0,짜증나한마디 쓰레기 킬링타임용으로가 아니라 영화보는 전기가 아깝다,"[('보', 'Verb'), ('영', 'Modifier'), ('전기', 'Noun'), ('아깝다', 'Adjective'), ('는', 'Josa'), ('아니', 'Unknown'), ('쓰레기', 'Noun'), ('가', 'Josa'), ('짜증나', 'Adjective'), ('킬링', 'Noun'), ('으로', 'Unknown'), ('아깝', 'Unknown'), ('용', 'Noun'), ('킬링타임', 'Noun'), ('타임', 'Noun'), ('영화', 'Noun'), ('어', 'Unknown'), ('으로가', 'Josa'), ('아니라', 'Adjective'), ('라', 'Unknown'), ('나', 'Verb'), ('다', 'Eomi'), ('화보', 'Noun'), ('한마디', 'Noun'), ('짜증', 'Noun')]"
4381514,스케일이 큰 애니메이션 ㅋ 한번쯤은 보는게 좋다!,1,0,스케일이 큰 애니메이션 ㅋ 한번쯤은 보는게 좋다,"[('보', 'Verb'), ('는', 'Unknown'), ('한번', 'Noun'), ('ᆫ', 'Unknown'), ('ㅋ', 'KoreanParticle'), ('스케일', 'Noun'), ('큰', 'Verb'), ('좋다', 'Adjective'), ('번', 'Unknown'), ('다', 'Eomi'), ('보는게', 'Verb'), ('좋', 'Adjective'), ('은', 'Josa'), ('것', 'Unknown'), ('쯤', 'Suffix'), ('한', 'Unknown'), ('크', 'Adjective'), ('애니메이션', 'Noun'), ('이', 'Josa')]"
7338232,인간적으로 재미없음...,0,0,인간적으로 재미없음,"[('재미없음', 'Adjective'), ('음', 'Eomi'), ('적', 'Suffix'), ('으로', 'Josa'), ('인간', 'Noun'), ('재미없', 'Adjective')]"
5151345,명작이란 그누구도따라올 수 없는 작품이어야 명작이다.이건 나도 따라올 수 있겠더라,0,0,명작이란 그누구도따라올 수 없는 작품이어야 명작이다이건 나도 따라올 수 있겠더라,"[('도', 'Josa'), ('누구', 'Noun'), ('따라오', 'Verb'), ('거', 'Unknown'), ('겠', 'Unknown'), ('명작', 'Noun'), ('있', 'Adjective'), ('ᆯ', 'Unknown'), ('없', 'Adjective'), ('이어야', 'Verb'), ('수', 'Noun'), ('는', 'Unknown'), ('없는', 'Adjective'), ('어야', 'Unknown'), ('이건', 'Noun'), ('ᆫ', 'Unknown'), ('따라올', 'Verb'), ('더라', 'Eomi'), ('작품', 'Noun'), ('그', 'Determiner'), ('나', 'Unknown'), ('다', 'Eomi'), ('나도', 'Verb'), ('이다', 'Josa'), ('이란', 'Josa'), ('있겠더라', 'Adjective'), ('이', 'Unknown')]"
905524,자끄 따띠의 최고걸작이자 그에게 최고의 재앙을 불러온 작품.,1,0,자끄 따띠의 최고걸작이자 그에게 최고의 재앙을 불러온 작품,"[('의', 'Josa'), ('온', 'Noun'), ('ᆫ', 'Unknown'), ('따띠', 'Noun'), ('자끄', 'Noun'), ('따', 'Verb'), ('자', 'Noun'), ('띠', 'Noun'), ('그', 'Noun'), ('불러', 'Verb'), ('작품', 'Noun'), ('불러오', 'Verb'), ('걸작', 'Noun'), ('끄', 'Verb'), ('재앙', 'Noun'), ('최고', 'Noun'), ('에게', 'Josa'), ('을', 'Josa'), ('이자', 'Noun'), ('이', 'Unknown')]"
8165935,이 영화보다 화려한 CG는 본 적이 없다. 이 영화는 제대로 미쳤다.,0,0,이 영화보다 화려한 CG는 본 적이 없다 이 영화는 제대로 미쳤다,"[('적', 'Noun'), ('미치', 'Verb'), ('화려한', 'Adjective'), ('미쳤다', 'Adjective'), ('없', 'Adjective'), ('었', 'Unknown'), ('보', 'Verb'), ('늘', 'Verb'), ('는', 'Josa'), ('ᆫ', 'Unknown'), ('영화', 'Noun'), ('본', 'Verb'), ('없다', 'Adjective'), ('하', 'Unknown'), ('CG', 'Alpha'), ('화려', 'Unknown'), ('다', 'Eomi'), ('보다', 'Josa'), ('제대로', 'Noun'), ('이', 'Noun')]"
5655830,여애까지 본 외국 영화중 가장 웃겼던 영화 >_<,0,0,여애까지 본 외국 영화중 가장 웃겼던 영화 _,"[('본', 'Verb'), ('웃기', 'Verb'), ('여', 'Modifier'), ('던', 'Unknown'), ('애', 'Noun'), ('까지', 'Josa'), ('가장', 'Noun'), ('웃겼던', 'Verb'), ('중', 'Suffix'), ('ᆫ', 'Unknown'), ('외국', 'Noun'), ('보', 'Verb'), ('었', 'Unknown'), ('_', 'Punctuation'), ('영화', 'Noun')]"
4801461,정말로 감동적이에용~질리지 않는 영화에요~,1,0,정말로 감동적이에용질리지 않는 영화에요,"[('감동', 'Noun'), ('는', 'Unknown'), ('적', 'Unknown'), ('질리', 'Verb'), ('않는', 'Verb'), ('에요', 'Josa'), ('에', 'Unknown'), ('않', 'Unknown'), ('용', 'Unknown'), ('지', 'Unknown'), ('용질리지', 'Verb'), ('적이에', 'Verb'), ('영화', 'Noun'), ('이', 'Unknown'), ('정말로', 'Adverb')]"
3453558,막장의 최고봉~~ 갈수록 얽히고 난리법석,0,0,막장의 최고봉 갈수록 얽히고 난리법석,"[('법석', 'Noun'), ('얽히고', 'Verb'), ('갈수록', 'Noun'), ('의', 'Josa'), ('얽히', 'Verb'), ('난리', 'Noun'), ('고봉', 'Noun'), ('고', 'Unknown'), ('최고봉', 'Noun'), ('최', 'Unknown'), ('막장', 'Noun')]"
9147749,"모든 편견을 날려 버리는 가슴 따뜻한 영화. 로버트 드 니로, 필립 세이모어 호프만 영원하라.",1,1,모든 편견을 날려 버리는 가슴 따뜻한 영화 로버트 드 니로 필립 세이모어 호프만 영원하라,"[('로', 'Josa'), ('필립 세이모어 호프만', 'Noun'), ('필립', 'Noun'), ('로버트', 'Noun'), ('버리는', 'Verb'), ('는', 'Unknown'), ('ᆫ', 'Unknown'), ('영화', 'Noun'), ('어', 'Unknown'), ('따뜻한', 'Adjective'), ('세이모어', 'Noun'), ('따뜻', 'Unknown'), ('하', 'Unknown'), ('날려', 'Verb'), ('라', 'Eomi'), ('니', 'Noun'), ('가슴', 'Noun'), ('날리', 'Verb'), ('영원', 'Noun'), ('을', 'Josa'), ('편견', 'Noun'), ('호프만', 'Noun'), ('드', 'Noun'), ('버리', 'Unknown'), ('영원하라', 'Adjective'), ('모든', 'Noun')]"
498994,무한 리메이크의 소재. 감독의 역량은 항상 그 자리에...,0,1,무한 리메이크의 소재 감독의 역량은 항상 그 자리에,"[('항상', 'Noun'), ('자리', 'Noun'), ('역량', 'Noun'), ('의', 'Josa'), ('리메이크', 'Noun'), ('에', 'Josa'), ('감독', 'Noun'), ('은', 'Josa'), ('그', 'Noun'), ('무한', 'Noun'), ('소재', 'Noun')]"
7415980,신날 것 없는 애니.,0,1,신날 것 없는 애니,"[('애니', 'Noun'), ('는', 'Unknown'), ('애', 'Noun'), ('신날', 'Adjective'), ('것', 'Noun'), ('없는', 'Adjective'), ('신', 'Noun'), ('ᆯ', 'Unknown'), ('없', 'Adjective'), ('나', 'Verb'), ('니', 'Unknown'), ('이', 'Unknown')]"
7277917,잔잔 격동,1,1,잔잔 격동,"[('잔잔', 'Noun'), ('격동', 'Noun')]"
3456949,오랜만에 찾은 주말의 명화의 보석,1,1,오랜만에 찾은 주말의 명화의 보석,"[('오랜', 'Modifier'), ('만', 'Noun'), ('찾', 'Verb'), ('주말', 'Noun'), ('의', 'Josa'), ('에', 'Josa'), ('보석', 'Noun'), ('은', 'Unknown'), ('명화', 'Noun'), ('찾은', 'Verb'), ('오랜만', 'Noun')]"
2723610,영화공사중 도로를 보았는데 에어컨을.. 정말 더웠다.하지만 더글라스오빠연기 압권,1,1,영화공사중 도로를 보았는데 에어컨을 정말 더웠다하지만 더글라스오빠연기 압권,"[('는데', 'Unknown'), ('더웠다하지만', 'Adjective'), ('었', 'Unknown'), ('보', 'Verb'), ('하지만', 'Unknown'), ('더글라스', 'Noun'), ('압권', 'Noun'), ('연기', 'Noun'), ('영화', 'Noun'), ('보았는데', 'Verb'), ('도로', 'Noun'), ('덥', 'Unknown'), ('오빠', 'Suffix'), ('정말', 'Noun'), ('에어컨', 'Noun'), ('다', 'Eomi'), ('을', 'Josa'), ('를', 'Josa'), ('공사', 'Noun'), ('중', 'Suffix')]"
1439046,재밌다. 유쾌한 노랫소리. 주인공들의 코믹한 연기. 굿굿,1,1,재밌다 유쾌한 노랫소리 주인공들의 코믹한 연기 굿굿,"[('굿굿', 'Noun'), ('다', 'Unknown'), ('유쾌한', 'Adjective'), ('의', 'Josa'), ('재밌다', 'Adjective'), ('코믹', 'Noun'), ('굿', 'Noun'), ('하', 'Unknown'), ('노랫소리', 'Noun'), ('한', 'Josa'), ('재밌', 'Adjective'), ('ᆫ', 'Unknown'), ('들', 'Suffix'), ('연기', 'Noun'), ('주인공', 'Noun'), ('유쾌', 'Unknown')]"
9409918,음.. 괜찮네요. 생각보다 좋았어요,1,1,음 괜찮네요 생각보다 좋았어요,"[('네요', 'Eomi'), ('음', 'Noun'), ('괜찮', 'Adjective'), ('좋', 'Adjective'), ('보다', 'Josa'), ('었', 'Unknown'), ('어요', 'Eomi'), ('좋았어요', 'Adjective'), ('생각', 'Noun'), ('괜찮네요', 'Adjective')]"
4377631,"""21세기 """"레니 할린, 작품은 """"마인트헌터, 뿐인가!? 연출이 tv판 수준!""",0,1,세기 레니 할린 작품은 마인트헌터 뿐인가 연출이 tv판 수준,"[('레', 'Noun'), ('트', 'Noun'), ('세기', 'Noun'), ('할', 'Verb'), ('마인', 'Noun'), ('레니 할린', 'Noun'), ('tv', 'Alpha'), ('마인트헌터', 'Noun'), ('헌터', 'Noun'), ('ᆫ가', 'Unknown'), ('뿐', 'Noun'), ('작품', 'Noun'), ('수준', 'Noun'), ('니', 'Josa'), ('린', 'Noun'), ('인가', 'Josa'), ('은', 'Josa'), ('판', 'Noun'), ('연출', 'Noun'), ('이', 'Josa')]"
7551322,이걸 영화관에서 보다니 감동이었고 관객이 다들 혼자온 덕후들이라 더욱 감개무량했던 순간이었습니다. 바트 넘 멋져부러,1,1,이걸 영화관에서 보다니 감동이었고 관객이 다들 혼자온 덕후들이라 더욱 감개무량했던 순간이었습니다 바트 넘 멋져부러,"[('혼자', 'Noun'), ('보다니', 'Verb'), ('이었고', 'Verb'), ('에서', 'Josa'), ('다니', 'Unknown'), ('이라', 'Josa'), ('ᆯ', 'Unknown'), ('었', 'Unknown'), ('보', 'Verb'), ('이거', 'Unknown'), ('했던', 'Verb'), ('덕후', 'Noun'), ('부러', 'Noun'), ('이었습니다', 'Verb'), ('넘', 'Verb'), ('온', 'Noun'), ('고', 'Unknown'), ('어', 'Unknown'), ('멋져', 'Adjective'), ('감동', 'Noun'), ('바트', 'Noun'), ('멋지', 'Adjective'), ('감개무량', 'Noun'), ('하', 'Unknown'), ('라', 'Unknown'), ('순간', 'Noun'), ('감개', 'Noun'), ('걸', 'Noun'), ('다', 'Adverb'), ('더욱', 'Noun'), ('던', 'Unknown'), ('영화관', 'Noun'), ('습니다', 'Eomi'), ('관객', 'Noun'), ('들', 'Suffix'), ('무량', 'Noun'), ('이', 'Josa')]"
3726441,여운쩔었음...ㅡㅡ,1,1,여운쩔었음ㅡㅡ,"[('음', 'Eomi'), ('쩔었음', 'Verb'), ('었', 'Unknown'), ('여운', 'Noun'), ('ㅡㅡ', 'KoreanParticle'), ('쩔', 'Verb')]"
6632931,쓰레기 영화 그만 찍고 그냥 쉬어라 쓰레기 액션,0,1,쓰레기 영화 그만 찍고 그냥 쉬어라 쓰레기 액션,"[('어라', 'Unknown'), ('찍고', 'Verb'), ('그만', 'Adverb'), ('쉬어라', 'Verb'), ('그냥', 'Noun'), ('쓰레기', 'Noun'), ('고', 'Unknown'), ('찍', 'Verb'), ('쉬', 'Verb'), ('액션', 'Noun'), ('영화', 'Noun')]"
153515,솔직히..이소룡이 사망유희를 다찍엇다면...또 다른신화가됫을텐데.,1,1,솔직히이소룡이 사망유희를 다찍엇다면또 다른신화가됫을텐데,"[('면또', 'Noun'), ('사망유희', 'Noun'), ('ᆫ데', 'Unknown'), ('다면', 'Unknown'), ('다른', 'Modifier'), ('이소룡', 'Noun'), ('찍엇다', 'Verb'), ('가', 'Josa'), ('신', 'Modifier'), ('터', 'Unknown'), ('화가', 'Noun'), ('엇', 'Unknown'), ('찍', 'Verb'), ('또', 'Adverb'), ('솔직히', 'Adjective'), ('다', 'Adverb'), ('데', 'Noun'), ('을', 'Unknown'), ('됫', 'Noun'), ('신화', 'Noun'), ('됫을텐', 'Noun'), ('를', 'Josa'), ('이', 'Josa')]"
10057579,북한말배우기에 적합한 영화... 가서 북한주민과 바로 소통이 가능할 억양이었다. 이런 명작에 대한 평가가 없다니... 각성하라 지성인들여.,1,1,북한말배우기에 적합한 영화 가서 북한주민과 바로 소통이 가능할 억양이었다 이런 명작에 대한 평가가 없다니 각성하라 지성인들여,"[('들이', 'Verb'), ('가능할', 'Adjective'), ('여', 'Josa'), ('주민', 'Noun'), ('명작', 'Noun'), ('북한주민', 'Noun'), ('다니', 'Unknown'), ('배우기에', 'Verb'), ('ᆯ', 'Unknown'), ('소통', 'Noun'), ('었', 'Unknown'), ('대한', 'Noun'), ('적합한', 'Adjective'), ('어서', 'Unknown'), ('없', 'Adjective'), ('북한', 'Noun'), ('가능', 'Noun'), ('바로', 'Noun'), ('기', 'Unknown'), ('에', 'Josa'), ('가', 'Josa'), ('ᆫ', 'Unknown'), ('각성', 'Noun'), ('영화', 'Noun'), ('대하', 'Verb'), ('어', 'Unknown'), ('없다니', 'Adjective'), ('이었다', 'Verb'), ('지성인', 'Noun'), ('배우', 'Verb'), ('평가', 'Noun'), ('억양', 'Noun'), ('이런', 'Adjective'), ('하', 'Suffix'), ('라', 'Josa'), ('적합', 'Noun'), ('과', 'Josa'), ('다', 'Eomi'), ('가서', 'Verb'), ('들', 'Suffix'), ('말', 'Noun'), ('이', 'Josa')]"
9315093,"올드팬들을 위한 선물 같은 영화지만 차라리 액션 영화가 어울렸을 지도.. 어색한 연기와 멍청한 간수들, 그리고 무적인 주인공은 20년 전을 떠올리게 한다.",0,1,올드팬들을 위한 선물 같은 영화지만 차라리 액션 영화가 어울렸을 지도 어색한 연기와 멍청한 간수들 그리고 무적인 주인공은 년 전을 떠올리게 한다,"[('위', 'Noun'), ('도', 'Unknown'), ('선물', 'Noun'), ('적', 'Unknown'), ('었', 'Unknown'), ('년', 'Noun'), ('액션', 'Noun'), ('떠올리게', 'Verb'), ('지만', 'Josa'), ('같은', 'Adjective'), ('지도', 'Noun'), ('멍청한', 'Adjective'), ('가', 'Josa'), ('멍청하', 'Adjective'), ('차라리', 'Noun'), ('ᆫ', 'Unknown'), ('올드', 'Noun'), ('그리고', 'Conjunction'), ('연기', 'Noun'), ('영화', 'Noun'), ('와', 'Josa'), ('어색하', 'Adjective'), ('같', 'Adjective'), ('무적인', 'Noun'), ('이', 'Unknown'), ('주인공', 'Noun'), ('하', 'Unknown'), ('무', 'Noun'), ('전', 'Noun'), ('한다', 'Verb'), ('간수', 'Noun'), ('어울리', 'Verb'), ('게', 'Unknown'), ('어울렸을', 'Verb'), ('팬', 'Noun'), ('을', 'Josa'), ('은', 'Josa'), ('지', 'Unknown'), ('드팬', 'Noun'), ('한', 'Josa'), ('위하', 'Verb'), ('떠올리', 'Verb'), ('ᆫ다', 'Eomi'), ('들', 'Suffix'), ('올', 'Modifier'), ('어색한', 'Adjective')]"
3105892,난 이런영화는 불가능한가봐요.,0,1,난 이런영화는 불가능한가봐요,"[('난', 'Noun'), ('불가능한', 'Adjective'), ('는', 'Josa'), ('가능', 'Noun'), ('ᆫ가', 'Eomi'), ('이런', 'Modifier'), ('불', 'Unknown'), ('하', 'Unknown'), ('가봐요', 'Verb'), ('ᆫ', 'Unknown'), ('보', 'Unknown'), ('나', 'Unknown'), ('영화', 'Noun'), ('어요', 'Eomi')]"
9275076,픽업아티스트 얘기는 소스에 불과하다.,1,1,픽업아티스트 얘기는 소스에 불과하다,"[('는', 'Josa'), ('다', 'Eomi'), ('얘기', 'Noun'), ('에', 'Josa'), ('픽업아티스트', 'Noun'), ('소스', 'Noun'), ('불과하다', 'Adjective'), ('픽업', 'Noun'), ('하', 'Unknown'), ('아티스트', 'Noun'), ('불과', 'Adverb')]"
1448671,별루다,0,1,별루다,"[('다', 'Josa'), ('별루', 'Noun'), ('이', 'Unknown')]"
9459587,이거옛날에봤었는데당시졸라재미없었던,0,1,이거옛날에봤었는데당시졸라재미없었던,"[('재미없었던', 'Adjective'), ('는데', 'Unknown'), ('거', 'Noun'), ('던', 'Unknown'), ('당시', 'Noun'), ('옛날', 'Noun'), ('었었', 'Unknown'), ('에', 'Josa'), ('졸라', 'Noun'), ('재미없', 'Adjective'), ('었', 'Unknown'), ('보', 'Verb'), ('봤었는데', 'Verb'), ('이거', 'Unknown'), ('이', 'Determiner')]"
2224001,이게 왜 12세?? 그리고 존나 재미 없음.. 중간에 보다가 나옴,0,1,이게 왜 세 그리고 존나 재미 없음 중간에 보다가 나옴,"[('나옴', 'Verb'), ('음', 'Eomi'), ('없', 'Adjective'), ('보다가', 'Verb'), ('이것', 'Unknown'), ('나오', 'Verb'), ('에', 'Josa'), ('가', 'Josa'), ('중간', 'Noun'), ('그리고', 'Conjunction'), ('어', 'Eomi'), ('재미', 'Noun'), ('왜', 'Noun'), ('존나', 'Noun'), ('게', 'Josa'), ('세', 'Noun'), ('없음', 'Adjective'), ('ᆷ', 'Eomi'), ('보다', 'Adverb'), ('이', 'Noun')]"
9987280,꺄~~~하! 이영화는모얌...어리숙하게나온 주원땜시4점 준당..ㅜㅜ뭘찍겠다고 시간은 또 이리긴게얌..,0,1,꺄하 이영화는모얌어리숙하게나온 주원땜시점 준당ㅜㅜ뭘찍겠다고 시간은 또 이리긴게얌,"[('겠', 'Unknown'), ('모야', 'Noun'), ('긴게', 'Verb'), ('이영화', 'Noun'), ('ᆯ', 'Unknown'), ('준', 'Unknown'), ('주원', 'Noun'), ('점', 'Adverb'), ('는', 'Josa'), ('뭐', 'Unknown'), ('나온', 'Verb'), ('어리숙하게', 'Adjective'), ('나오', 'Verb'), ('야', 'Eomi'), ('얌', 'Noun'), ('ᆫ', 'Unknown'), ('뭘', 'Noun'), ('땜', 'Noun'), ('ㅜㅜ', 'KoreanParticle'), ('준당', 'Verb'), ('당', 'Noun'), ('어리숙하', 'Adjective'), ('찍', 'Verb'), ('이리', 'Adverb'), ('땜시', 'Adverb'), ('또', 'Noun'), ('다고', 'Unknown'), ('꺄하', 'Noun'), ('게', 'Unknown'), ('시간', 'Noun'), ('길', 'Adjective'), ('모', 'Modifier'), ('시점', 'Noun'), ('ᆷ', 'Unknown'), ('찍겠다고', 'Verb'), ('은', 'Josa'), ('것', 'Unknown'), ('이', 'Unknown')]"
8135974,너희들중 죄가없는자 이여인에게 돌을던져라,1,1,너희들중 죄가없는자 이여인에게 돌을던져라,"[('돌을던져라', 'Verb'), ('없는자', 'Adjective'), ('던지', 'Verb'), ('는', 'Unknown'), ('돌', 'Noun'), ('어라', 'Eomi'), ('죄', 'Noun'), ('에게', 'Josa'), ('을', 'Unknown'), ('가', 'Josa'), ('너희', 'Noun'), ('자', 'Unknown'), ('중', 'Noun'), ('없', 'Adjective'), ('들', 'Suffix'), ('이', 'Determiner'), ('여인', 'Noun')]"
8339871,이딴게 영화 라니 ^ㅗ^,0,1,이딴게 영화 라니 ㅗ,"[('ㅗ', 'KoreanParticle'), ('게', 'Noun'), ('이딴', 'Modifier'), ('이', 'Unknown'), ('것', 'Unknown'), ('딴', 'Unknown'), ('영화', 'Noun'), ('라니', 'Josa')]"
7487536,장난하나? 제발 연예인 목소리하면 뜨겠지 이딴생각 버리고성우들 출격보내세요... 진심 안맞고 오글거려 못보겠네요..ㅡㅡ성우님들 목소리 정말 그리우니.....,0,1,장난하나 제발 연예인 목소리하면 뜨겠지 이딴생각 버리고성우들 출격보내세요 진심 안맞고 오글거려 못보겠네요ㅡㅡ성우님들 목소리 정말 그리우니,"[('으니', 'Unknown'), ('세요', 'Eomi'), ('겠', 'Unknown'), ('성우', 'Noun'), ('오글거려', 'Verb'), ('뜨겠지', 'Verb'), ('보', 'Verb'), ('ㅡㅡ', 'KoreanParticle'), ('보내', 'Verb'), ('맞', 'Verb'), ('출격', 'Noun'), ('뜨', 'Verb'), ('목소리', 'Noun'), ('하면', 'Verb'), ('고', 'Unknown'), ('그립', 'Unknown'), ('님', 'Suffix'), ('못', 'VerbPrefix'), ('보내세요', 'Verb'), ('맞고', 'Verb'), ('딴생각', 'Noun'), ('버리고', 'Verb'), ('네요', 'Eomi'), ('제발', 'Noun'), ('이딴', 'Modifier'), ('장난', 'Noun'), ('이', 'Unknown'), ('하', 'Unknown'), ('그', 'Determiner'), ('나', 'Unknown'), ('니', 'Josa'), ('정말', 'Noun'), ('생각', 'Noun'), ('하나', 'Noun'), ('리우', 'Noun'), ('안', 'VerbPrefix'), ('면', 'Unknown'), ('지', 'Eomi'), ('진심', 'Noun'), ('들', 'Verb'), ('보겠네요', 'Verb'), ('버리', 'Verb'), ('연예인', 'Noun')]"
9432842,K팝스타 시즌 4 재미없어,0,1,K팝스타 시즌 재미없어,"[('재미없어', 'Adjective'), ('K', 'Alpha'), ('K팝스타', 'Noun'), ('시즌', 'Noun'), ('팝스타', 'Noun'), ('재미없', 'Adjective'), ('어', 'Eomi')]"
7061049,신난다,1,1,신난다,"[('신난다', 'Adjective'), ('신나', 'Verb'), ('ᆫ다', 'Eomi')]"
1632187,아무것도 없는데 시종일관 뭔가 숨기고 감추는척 하느라 정말 애썼다.,0,1,아무것도 없는데 시종일관 뭔가 숨기고 감추는척 하느라 정말 애썼다,"[('애쓰', 'Verb'), ('도', 'Josa'), ('아무', 'Modifier'), ('척', 'Noun'), ('없', 'Adjective'), ('었', 'Unknown'), ('감추는', 'Verb'), ('는', 'Unknown'), ('하느라', 'Verb'), ('뭐', 'Unknown'), ('고', 'Josa'), ('없는데', 'Adjective'), ('시종일관', 'Noun'), ('ᆫ가', 'Unknown'), ('하', 'Verb'), ('숨기', 'Noun'), ('뭔가', 'Noun'), ('정말', 'Noun'), ('감추', 'Verb'), ('다', 'Eomi'), ('데', 'Unknown'), ('애썼다', 'Verb'), ('느라', 'Unknown'), ('것', 'Noun'), ('아무것', 'Noun'), ('이', 'Unknown')]"
9835093,유주얼 서스펙트와 더불어 반전의 대명사,1,1,유주얼 서스펙트와 더불어 반전의 대명사,"[('반전', 'Noun'), ('스펙', 'Noun'), ('대명사', 'Noun'), ('의', 'Josa'), ('트', 'Noun'), ('더불어', 'Verb'), ('서', 'Modifier'), ('유주', 'Noun'), ('유주얼 서스펙트', 'Noun'), ('와', 'Josa'), ('얼', 'Noun')]"
8744252,일본은 만화와 애니메이션의 연출이 너무 좋다. 오히려 이런건 다른 나라의 연출력이 더 나았을지도 모른다.,0,1,일본은 만화와 애니메이션의 연출이 너무 좋다 오히려 이런건 다른 나라의 연출력이 더 나았을지도 모른다,"[('더', 'Noun'), ('거', 'Unknown'), ('도', 'Unknown'), ('다른', 'Noun'), ('나라', 'Noun'), ('을지', 'Unknown'), ('일본', 'Noun'), ('모른다', 'Verb'), ('연출력', 'Noun'), ('었', 'Unknown'), ('낫', 'Unknown'), ('너무', 'Adverb'), ('만화', 'Noun'), ('모르', 'Verb'), ('의', 'Josa'), ('력', 'Suffix'), ('ᆫ', 'Unknown'), ('와', 'Josa'), ('오히려', 'Noun'), ('이런', 'Unknown'), ('좋다', 'Adjective'), ('이런건', 'Adjective'), ('다', 'Eomi'), ('나았을지도', 'Verb'), ('좋', 'Adjective'), ('은', 'Josa'), ('ᆫ다', 'Eomi'), ('연출', 'Noun'), ('애니메이션', 'Noun'), ('이', 'Josa')]"
7503359,후반부을 초반에 바탕으로 깔아둔건 괜찬았는데 그게 끝이내 한국 3류 영화에서 자주 등장하는 뻔한스토리 아싸리 후반부의 내용을 초반에 안썼으면 그나마 궁금증이라도 생기겠는데 초반에 다보여주고 멀 보란건지 약간의 기대을 하고 봤지만 역시 기대이하의영화내,0,1,후반부을 초반에 바탕으로 깔아둔건 괜찬았는데 그게 끝이내 한국 류 영화에서 자주 등장하는 뻔한스토리 아싸리 후반부의 내용을 초반에 안썼으면 그나마 궁금증이라도 생기겠는데 초반에 다보여주고 멀 보란건지 약간의 기대을 하고 봤지만 역시 기대이하의영화내,"[('뻔한', 'Adjective'), ('주', 'Unknown'), ('역시', 'Noun'), ('에서', 'Josa'), ('하는', 'Verb'), ('리', 'Noun'), ('이내', 'Noun'), ('썼으면', 'Verb'), ('류', 'Noun'), ('의', 'Josa'), ('기대', 'Noun'), ('후반', 'Noun'), ('부을', 'Adjective'), ('깔', 'Verb'), ('끝', 'Noun'), ('괜', 'Noun'), ('이', 'Unknown'), ('는데', 'Unknown'), ('바탕', 'Noun'), ('괜찬', 'Adjective'), ('그게', 'Noun'), ('었', 'Unknown'), ('아싸', 'Exclamation'), ('내', 'Determiner'), ('지만', 'Unknown'), ('이라도', 'Josa'), ('건지', 'Verb'), ('그나마', 'Adverb'), ('영화', 'Noun'), ('으면', 'Unknown'), ('그것', 'Unknown'), ('생기겠는데', 'Verb'), ('한국', 'Noun'), ('을', 'Josa'), ('안', 'VerbPrefix'), ('부의', 'Noun'), ('등장', 'Noun'), ('생기', 'Verb'), ('궁금증', 'Noun'), ('ᆯ', 'Unknown'), ('후반부', 'Noun'), ('둔건', 'Verb'), ('스토리', 'Noun'), ('는', 'Unknown'), ('보이', 'Verb'), ('이하', 'Noun'), ('ᆫ지', 'Unknown'), ('초반', 'Noun'), ('기', 'Modifier'), ('란', 'Unknown'), ('내용', 'Noun'), ('하', 'Verb'), ('나', 'Unknown'), ('뻔', 'Unknown'), ('아싸리', 'Adverb'), ('찬았는데', 'Verb'), ('거', 'Unknown'), ('하고', 'Verb'), ('겠', 'Unknown'), ('멀', 'Adjective'), ('보란', 'Verb'), ('자주', 'Noun'), ('약간', 'Noun'), ('보', 'Unknown'), ('쓰', 'Verb'), ('기대을', 'Verb'), ('깔아', 'Verb'), ('에', 'Josa'), ('으로', 'Josa'), ('고', 'Unknown'), ('ᆫ', 'Unknown'), ('어', 'Eomi'), ('봤지만', 'Verb'), ('보여주고', 'Verb'), ('라도', 'Unknown'), ('다', 'Adverb'), ('대', 'Modifier'), ('머', 'Unknown'), ('두', 'Unknown')]"
9701608,역시 임권택 감독님작품... 투박하면서 거침없는 ... 배우들을 아주 잘살리는 감독님... 하류인생 잘봤습니다 ~,1,1,역시 임권택 감독님작품 투박하면서 거침없는 배우들을 아주 잘살리는 감독님 하류인생 잘봤습니다,"[('아주', 'Noun'), ('역시', 'Noun'), ('감독', 'Noun'), ('박하면서', 'Adjective'), ('었', 'Unknown'), ('잘', 'VerbPrefix'), ('면서', 'Unknown'), ('보', 'Verb'), ('는', 'Unknown'), ('투박', 'Unknown'), ('없는', 'Adjective'), ('님', 'Suffix'), ('하류인생', 'Noun'), ('살리는', 'Verb'), ('봤습니다', 'Verb'), ('임권택', 'Noun'), ('배우', 'Noun'), ('거침', 'Verb'), ('하', 'Unknown'), ('작품', 'Noun'), ('투', 'Noun'), ('살리', 'Verb'), ('을', 'Josa'), ('습니다', 'Eomi'), ('거침없', 'Adjective'), ('들', 'Suffix')]"
9899648,발연기의 정석을 보여준 영화,0,1,발연기의 정석을 보여준 영화,"[('발연기', 'Noun'), ('보이', 'Verb'), ('주', 'Unknown'), ('의', 'Josa'), ('을', 'Josa'), ('발', 'Noun'), ('보여준', 'Verb'), ('ᆫ', 'Unknown'), ('정석', 'Noun'), ('연기', 'Noun'), ('영화', 'Noun'), ('어', 'Unknown')]"
10002069,ㅋ장르분석이잘못된듯,0,1,ㅋ장르분석이잘못된듯,"[('되', 'Unknown'), ('잘못', 'Adverb'), ('듯', 'Unknown'), ('장르', 'Noun'), ('ᆫ', 'Unknown'), ('분석', 'Noun'), ('잘', 'VerbPrefix'), ('못', 'VerbPrefix'), ('ㅋ', 'KoreanParticle'), ('이', 'Josa'), ('된듯', 'Adjective')]"
10232261,생각보다 괜찮은 B급 영화...마지막에 좀 짠하다...,1,1,생각보다 괜찮은 B급 영화마지막에 좀 짠하다,"[('다', 'Eomi'), ('좀', 'Noun'), ('에', 'Josa'), ('괜찮', 'Adjective'), ('은', 'Unknown'), ('마지막', 'Noun'), ('B', 'Alpha'), ('짠하', 'Adjective'), ('급', 'Noun'), ('보다', 'Josa'), ('괜찮은', 'Adjective'), ('짠하다', 'Adjective'), ('영화', 'Noun'), ('생각', 'Noun')]"
5811048,엄마의 마음 ㅜㅜ 마지막에 터피가 어떻게 알았는지 궁금해요.,1,1,엄마의 마음 ㅜㅜ 마지막에 터피가 어떻게 알았는지 궁금해요,"[('알', 'Verb'), ('엄마', 'Noun'), ('마음', 'Noun'), ('터피', 'Noun'), ('게', 'Unknown'), ('알았는지', 'Verb'), ('ㅜㅜ', 'KoreanParticle'), ('의', 'Josa'), ('는지', 'Unknown'), ('에', 'Josa'), ('가', 'Josa'), ('마지막', 'Noun'), ('어떻', 'Unknown'), ('어떻게', 'Adjective'), ('었', 'Unknown'), ('궁금해요', 'Adjective'), ('어요', 'Eomi'), ('궁금하', 'Adjective')]"
4492632,영웅주의의 흔한 액션 스릴러와 다른 독특한 구성이 빛났다. 충분히 스릴감 있음.,1,1,영웅주의의 흔한 액션 스릴러와 다른 독특한 구성이 빛났다 충분히 스릴감 있음,"[('음', 'Eomi'), ('다른', 'Noun'), ('있', 'Adjective'), ('구성', 'Noun'), ('었', 'Unknown'), ('액션', 'Noun'), ('충분히', 'Adjective'), ('스릴', 'Noun'), ('스릴러', 'Noun'), ('있음', 'Adjective'), ('빛나', 'Verb'), ('의', 'Josa'), ('흔한', 'Adjective'), ('ᆫ', 'Unknown'), ('와', 'Josa'), ('영웅주의', 'Noun'), ('다르', 'Adjective'), ('감', 'Noun'), ('하', 'Unknown'), ('독특한', 'Adjective'), ('주의', 'Noun'), ('빛났다', 'Verb'), ('다', 'Eomi'), ('흔', 'Unknown'), ('독특', 'Noun'), ('이', 'Josa'), ('영웅', 'Noun')]"
5452680,"재밌는 영화, 볼만한 영화, 그러나 ... 모든 것을 그리기엔 시간이 부족했던 영화",1,1,재밌는 영화 볼만한 영화 그러나 모든 것을 그리기엔 시간이 부족했던 영화,"[('볼', 'Noun'), ('ᆯ', 'Unknown'), ('부족', 'Noun'), ('었', 'Unknown'), ('보', 'Verb'), ('재밌', 'Adjective'), ('그러나', 'Conjunction'), ('모든', 'Noun'), ('는', 'Unknown'), ('재밌는', 'Adjective'), ('부족했던', 'Adjective'), ('ᆫ', 'Unknown'), ('영화', 'Noun'), ('그리기', 'Noun'), ('기에', 'Unknown'), ('그리', 'Verb'), ('하', 'Unknown'), ('엔', 'Josa'), ('시간', 'Noun'), ('만', 'Suffix'), ('던', 'Unknown'), ('을', 'Josa'), ('것', 'Noun'), ('한', 'Josa'), ('이', 'Josa')]"
8443110,완전 재미있어요..재미납니다..간만에 제대로 된 영화 한편 보네요..강추,1,1,완전 재미있어요재미납니다간만에 제대로 된 영화 한편 보네요강추,"[('편', 'Unknown'), ('추', 'Noun'), ('한편', 'Noun'), ('보', 'Verb'), ('에', 'Josa'), ('요강', 'Noun'), ('납니다', 'Verb'), ('ᆫ', 'Unknown'), ('재미있어요', 'Adjective'), ('영화', 'Noun'), ('어요', 'Eomi'), ('재미', 'Noun'), ('된', 'Verb'), ('네요', 'Eomi'), ('강추', 'Unknown'), ('되', 'Verb'), ('재미있', 'Adjective'), ('보네', 'Verb'), ('재미나', 'Verb'), ('완전', 'Noun'), ('간만', 'Noun'), ('ᆸ니다', 'Eomi'), ('한', 'Unknown'), ('제대로', 'Noun'), ('간만에', 'Adverb')]"
9459414,유지태의 사랑이 슬프게 느껴진다.,1,1,유지태의 사랑이 슬프게 느껴진다,"[('느끼', 'Verb'), ('사랑', 'Noun'), ('게', 'Unknown'), ('슬프게', 'Adjective'), ('느껴진다', 'Verb'), ('의', 'Josa'), ('ᆫ다', 'Eomi'), ('지', 'Unknown'), ('유지태', 'Noun'), ('슬프', 'Adjective'), ('어', 'Unknown'), ('이', 'Josa')]"
9848846,송은채 나가! 하나경 드루와.. ㅎㅎㅎ,0,1,송은채 나가 하나경 드루와 ㅎㅎㅎ,"[('ㅎㅎㅎ', 'KoreanParticle'), ('드루', 'Noun'), ('송은채', 'Noun'), ('하나경', 'Noun'), ('나가', 'Verb'), ('와', 'Josa')]"
7090375,재미이다,1,1,재미이다,"[('재미', 'Noun'), ('다', 'Eomi'), ('이다', 'Josa'), ('이', 'Unknown')]"
1945005,이런게 바로 쓰레기다. 전작의 진가를 안다면 절대 속편이랄수 없는 영화.,0,1,이런게 바로 쓰레기다 전작의 진가를 안다면 절대 속편이랄수 없는 영화,"[('랄', 'Unknown'), ('절대', 'Noun'), ('없', 'Adjective'), ('ᆫ다면', 'Unknown'), ('전작', 'Noun'), ('수', 'Unknown'), ('알', 'Verb'), ('는', 'Unknown'), ('바로', 'Noun'), ('의', 'Josa'), ('쓰레기', 'Noun'), ('없는', 'Adjective'), ('속', 'Modifier'), ('영화', 'Noun'), ('랄수', 'Noun'), ('이런', 'Unknown'), ('안다면', 'Verb'), ('진가', 'Noun'), ('다', 'Josa'), ('속편', 'Noun'), ('것', 'Unknown'), ('를', 'Josa'), ('편이', 'Noun'), ('이런게', 'Adjective'), ('이', 'Unknown')]"
1059691,란마 짱이다,1,1,란마 짱이다,"[('다', 'Eomi'), ('이다', 'Josa'), ('짱', 'Noun'), ('이', 'Unknown'), ('란마', 'Noun')]"
5110282,나머지3개는 너랑깨,0,1,나머지개는 너랑깨,"[('개', 'Suffix'), ('는', 'Josa'), ('깨', 'Noun'), ('랑', 'Josa'), ('너', 'Noun'), ('나머지', 'Noun'), ('어', 'Unknown')]"
5711663,말이 핑요 없다 굿!!! ㅋ ㅋ,1,1,말이 핑요 없다 굿 ㅋ ㅋ,"[('핑요', 'Noun'), ('요', 'Josa'), ('다', 'Eomi'), ('없다', 'Adjective'), ('굿', 'Noun'), ('없', 'Adjective'), ('ㅋ', 'KoreanParticle'), ('말', 'Noun'), ('핑', 'Noun'), ('이', 'Josa')]"
9621118,트루 라이즈를 고대로 배낀 영화...,0,1,트루 라이즈를 고대로 배낀 영화,"[('트루 라이즈', 'Noun'), ('영화', 'Noun'), ('끼', 'Verb'), ('배', 'Noun'), ('를', 'Josa'), ('낀', 'Verb'), ('ᆫ', 'Unknown'), ('라이즈', 'Noun'), ('트루', 'Noun'), ('고대로', 'Noun')]"
3351452,"재난영화 중 가장 많이 본 영화..DVD가 아주 닳고 닳도록..스릴,흥미 모두 굿~~",1,1,재난영화 중 가장 많이 본 영화DVD가 아주 닳고 닳도록스릴흥미 모두 굿,"[('아주', 'Noun'), ('보', 'Verb'), ('모두', 'Noun'), ('스릴', 'Noun'), ('흥미', 'Noun'), ('닳도록', 'Verb'), ('가', 'Verb'), ('고', 'Unknown'), ('많이', 'Adverb'), ('ᆫ', 'Unknown'), ('닳', 'Verb'), ('영화', 'Noun'), ('도록', 'Unknown'), ('본', 'Verb'), ('닳고', 'Verb'), ('가장', 'Noun'), ('재난', 'Noun'), ('재난영화', 'Noun'), ('굿', 'Noun'), ('중', 'Noun'), ('DVD', 'Alpha')]"
906113,영어로 봤는데 near dark(가까운 밤)이란 뜻이다.,1,1,영어로 봤는데 near dark가까운 밤이란 뜻이다,"[('는데', 'Unknown'), ('로', 'Josa'), ('다', 'Eomi'), ('near', 'Alpha'), ('dark', 'Alpha'), ('이다', 'Josa'), ('이란', 'Josa'), ('란', 'Unknown'), ('은', 'Unknown'), ('가까운', 'Adjective'), ('가깝', 'Unknown'), ('봤는데', 'Verb'), ('었', 'Unknown'), ('뜻', 'Noun'), ('보', 'Verb'), ('영어', 'Noun'), ('밤', 'Noun'), ('이', 'Unknown')]"
10275577,기억에 계속 남아서 괴롭히는 영화,0,1,기억에 계속 남아서 괴롭히는 영화,"[('영화', 'Noun'), ('는', 'Unknown'), ('남아', 'Noun'), ('기억', 'Noun'), ('에', 'Josa'), ('괴롭히', 'Verb'), ('서', 'Josa'), ('남', 'Verb'), ('괴롭히는', 'Verb'), ('계속', 'Noun'), ('어서', 'Unknown')]"
8738042,나도 평점 조절. 고품격 명품스릴러라...추악한 가족의 비밀을 정말 재미없게 풀어놈.,0,1,나도 평점 조절 고품격 명품스릴러라추악한 가족의 비밀을 정말 재미없게 풀어놈,"[('도', 'Unknown'), ('풀', 'Verb'), ('풀어', 'Verb'), ('비밀', 'Noun'), ('스릴러', 'Noun'), ('재미없게', 'Adjective'), ('추악', 'Unknown'), ('의', 'Josa'), ('고', 'Unknown'), ('ᆫ', 'Unknown'), ('재미없', 'Adjective'), ('놈', 'Noun'), ('어', 'Unknown'), ('조절', 'Noun'), ('품격', 'Noun'), ('평점', 'Noun'), ('하', 'Unknown'), ('라', 'Josa'), ('나', 'Unknown'), ('명품', 'Noun'), ('정말', 'Noun'), ('추악한', 'Adjective'), ('게', 'Unknown'), ('나도', 'Verb'), ('을', 'Josa'), ('고품격', 'Noun'), ('가족', 'Noun'), ('이', 'Unknown')]"
